timestamp,service,consistency,latency_ms,success,error_message
2025-07-31T22:20:21.068627,pedidos,strong,1030.1849842071533,False,503 Server Error: SERVICE UNAVAILABLE for url: http://proxy:5000/write
2025-07-31T22:20:22.306766,pedidos,strong,1037.734031677246,False,503 Server Error: SERVICE UNAVAILABLE for url: http://proxy:5000/write
2025-07-31T22:20:23.551576,pedidos,strong,1044.4347858428955,False,503 Server Error: SERVICE UNAVAILABLE for url: http://proxy:5000/write
2025-07-31T22:20:24.082694,pedidos,strong,330.64842224121094,True,
2025-07-31T22:20:24.293441,pedidos,strong,10.15925407409668,True,
2025-07-31T22:20:24.498456,pedidos,strong,4.523992538452148,True,
2025-07-31T22:20:24.704884,pedidos,strong,6.001949310302734,True,
2025-07-31T22:20:24.914957,pedidos,strong,9.519577026367188,True,
2025-07-31T22:20:25.123333,pedidos,strong,7.8983306884765625,True,
2025-07-31T22:20:25.329295,pedidos,strong,5.473136901855469,True,
2025-07-31T22:20:25.538095,pedidos,strong,8.206844329833984,True,
2025-07-31T22:20:25.743438,pedidos,strong,4.904031753540039,True,
2025-07-31T22:20:25.956726,pedidos,strong,12.709379196166992,True,
2025-07-31T22:20:26.161877,pedidos,strong,4.845619201660156,True,
2025-07-31T22:20:26.368058,pedidos,strong,5.766153335571289,True,
2025-07-31T22:20:26.576315,pedidos,strong,7.757902145385742,True,
2025-07-31T22:20:26.784263,pedidos,strong,7.515192031860352,True,
2025-07-31T22:20:26.989571,pedidos,strong,4.90260124206543,True,
2025-07-31T22:20:27.197133,pedidos,strong,6.986379623413086,True,
2025-07-31T22:20:27.403272,pedidos,strong,5.651235580444336,True,
2025-07-31T22:20:27.612888,pedidos,strong,9.056329727172852,True,
2025-07-31T22:20:27.818088,pedidos,strong,4.884243011474609,True,
2025-07-31T22:20:28.026877,pedidos,strong,8.233308792114258,True,
2025-07-31T22:20:28.231414,pedidos,strong,4.260540008544922,True,
2025-07-31T22:20:28.436636,pedidos,strong,4.817724227905273,True,
2025-07-31T22:20:28.647868,pedidos,strong,10.650396347045898,True,
2025-07-31T22:20:28.854162,pedidos,strong,5.876779556274414,True,
2025-07-31T22:20:29.059704,pedidos,strong,5.1517486572265625,True,
2025-07-31T22:20:29.270179,pedidos,strong,9.875059127807617,True,
2025-07-31T22:20:29.476133,pedidos,strong,5.498170852661133,True,
2025-07-31T22:20:29.687003,pedidos,strong,10.383129119873047,True,
2025-07-31T22:20:29.895890,pedidos,strong,8.401155471801758,True,
2025-07-31T22:20:30.102067,pedidos,strong,5.735158920288086,True,
2025-07-31T22:20:30.311117,pedidos,strong,8.405208587646484,True,
2025-07-31T22:20:30.517204,pedidos,strong,5.730390548706055,True,
2025-07-31T22:20:30.723298,pedidos,strong,5.745410919189453,True,
2025-07-31T22:20:30.931305,pedidos,strong,7.651805877685547,True,
2025-07-31T22:20:31.135979,pedidos,strong,4.370689392089844,True,
2025-07-31T22:20:31.344730,pedidos,strong,8.56924057006836,True,
2025-07-31T22:20:31.550653,pedidos,strong,5.387783050537109,True,
2025-07-31T22:20:31.757197,pedidos,strong,5.991697311401367,True,
2025-07-31T22:20:31.962999,pedidos,strong,5.424261093139648,True,
2025-07-31T22:20:32.171067,pedidos,strong,7.573604583740234,True,
2025-07-31T22:20:32.377029,pedidos,strong,5.629062652587891,True,
2025-07-31T22:20:32.583177,pedidos,strong,5.8135986328125,True,
2025-07-31T22:20:32.788848,pedidos,strong,5.368947982788086,True,
2025-07-31T22:20:32.997877,pedidos,strong,8.542776107788086,True,
2025-07-31T22:20:33.205426,pedidos,strong,7.014751434326172,True,
2025-07-31T22:20:33.411984,pedidos,strong,6.242036819458008,True,
2025-07-31T22:20:33.622673,pedidos,strong,10.102033615112305,True,
2025-07-31T22:20:33.831944,pedidos,strong,8.681297302246094,True,
2025-07-31T22:20:34.037849,pedidos,strong,5.482912063598633,True,
2025-07-31T22:20:34.245527,pedidos,strong,7.155656814575195,True,
2025-07-31T22:20:34.450937,pedidos,strong,5.03087043762207,True,
2025-07-31T22:20:34.656317,pedidos,strong,4.871368408203125,True,
2025-07-31T22:20:34.861013,pedidos,strong,4.293918609619141,True,
2025-07-31T22:20:35.068365,pedidos,strong,6.83283805847168,True,
2025-07-31T22:20:35.279069,pedidos,strong,10.144472122192383,True,
2025-07-31T22:20:35.486536,pedidos,strong,6.936073303222656,True,
2025-07-31T22:20:35.692536,pedidos,strong,5.59544563293457,True,
2025-07-31T22:20:35.900455,pedidos,strong,7.4214935302734375,True,
2025-07-31T22:20:36.106024,pedidos,strong,5.01704216003418,True,
2025-07-31T22:20:36.311844,pedidos,strong,5.445003509521484,True,
2025-07-31T22:20:36.518008,pedidos,strong,5.699396133422852,True,
2025-07-31T22:20:36.732069,pedidos,strong,13.579368591308594,True,
2025-07-31T22:20:36.938875,pedidos,strong,6.364107131958008,True,
2025-07-31T22:20:37.146258,pedidos,strong,6.715536117553711,True,
2025-07-31T22:20:37.354011,pedidos,strong,7.3451995849609375,True,
2025-07-31T22:20:37.563107,pedidos,strong,8.584737777709961,True,
2025-07-31T22:20:37.768274,pedidos,strong,4.696369171142578,True,
2025-07-31T22:20:37.973718,pedidos,strong,5.006313323974609,True,
2025-07-31T22:20:38.182858,pedidos,strong,8.693456649780273,True,
2025-07-31T22:20:38.389376,pedidos,strong,6.102085113525391,True,
2025-07-31T22:20:38.598222,pedidos,strong,8.454322814941406,True,
2025-07-31T22:20:38.804800,pedidos,strong,6.124734878540039,True,
2025-07-31T22:20:39.012262,pedidos,strong,7.14421272277832,True,
2025-07-31T22:20:39.217372,pedidos,strong,4.705905914306641,True,
2025-07-31T22:20:39.422418,pedidos,strong,4.663944244384766,True,
2025-07-31T22:20:39.631522,pedidos,strong,8.502721786499023,True,
2025-07-31T22:20:39.838233,pedidos,strong,6.154775619506836,True,
2025-07-31T22:20:40.047080,pedidos,strong,8.481025695800781,True,
2025-07-31T22:20:40.252448,pedidos,strong,5.005121231079102,True,
2025-07-31T22:20:40.456973,pedidos,strong,4.150152206420898,True,
2025-07-31T22:20:40.662212,pedidos,strong,4.896640777587891,True,
2025-07-31T22:20:40.868063,pedidos,strong,5.560874938964844,True,
2025-07-31T22:20:41.072618,pedidos,strong,4.251241683959961,True,
2025-07-31T22:20:41.280195,pedidos,strong,7.257699966430664,True,
2025-07-31T22:20:41.489567,pedidos,strong,8.868932723999023,True,
2025-07-31T22:20:41.695424,pedidos,strong,5.531549453735352,True,
2025-07-31T22:20:41.905823,pedidos,strong,9.844779968261719,True,
2025-07-31T22:20:42.115281,pedidos,strong,9.022712707519531,True,
2025-07-31T22:20:42.321693,pedidos,strong,5.996942520141602,True,
2025-07-31T22:20:42.525502,pedidos,strong,3.5986900329589844,True,
2025-07-31T22:20:42.734020,pedidos,strong,7.903337478637695,True,
2025-07-31T22:20:42.941349,pedidos,strong,6.989479064941406,True,
2025-07-31T22:20:43.147111,pedidos,strong,5.246877670288086,True,
2025-07-31T22:20:43.352729,pedidos,strong,5.280971527099609,True,
2025-07-31T22:20:43.556984,pedidos,strong,3.771066665649414,True,
2025-07-31T22:20:43.767538,pedidos,strong,10.021686553955078,True,
2025-07-31T22:20:43.974694,pedidos,strong,6.721258163452148,True,
2025-07-31T22:20:44.180750,pedidos,strong,5.631685256958008,True,
2025-07-31T22:20:44.390992,pedidos,strong,9.753942489624023,True,
2025-07-31T22:20:44.596689,pedidos,strong,5.22923469543457,True,
2025-07-31T22:20:44.802077,pedidos,strong,4.995584487915039,True,
2025-07-31T22:20:45.010873,pedidos,strong,8.306264877319336,True,
2025-07-31T22:20:45.220396,pedidos,strong,8.941650390625,True,
2025-07-31T22:20:45.425997,pedidos,strong,5.209684371948242,True,
2025-07-31T22:20:45.631534,pedidos,strong,5.18488883972168,True,
2025-07-31T22:20:45.836421,pedidos,strong,4.480838775634766,True,
2025-07-31T22:20:46.047233,pedidos,strong,10.320186614990234,True,
2025-07-31T22:20:46.252253,pedidos,strong,4.807472229003906,True,
2025-07-31T22:20:46.458460,pedidos,strong,5.79071044921875,True,
2025-07-31T22:20:46.664762,pedidos,strong,5.918025970458984,True,
2025-07-31T22:20:46.871720,pedidos,strong,6.493806838989258,True,
2025-07-31T22:20:47.076749,pedidos,strong,4.658222198486328,True,
2025-07-31T22:20:47.285061,pedidos,strong,7.739782333374023,True,
2025-07-31T22:20:47.492155,pedidos,strong,6.621837615966797,True,
2025-07-31T22:20:47.698280,pedidos,strong,5.793094635009766,True,
2025-07-31T22:20:47.907763,pedidos,strong,8.947610855102539,True,
2025-07-31T22:20:48.113715,pedidos,strong,5.465507507324219,True,
2025-07-31T22:20:48.324278,pedidos,strong,9.9945068359375,True,
2025-07-31T22:20:48.533785,pedidos,strong,8.956670761108398,True,
2025-07-31T22:20:48.738637,pedidos,strong,4.396915435791016,True,
2025-07-31T22:20:48.945772,pedidos,strong,6.536722183227539,True,
2025-07-31T22:20:49.153290,pedidos,strong,7.156133651733398,True,
2025-07-31T22:20:49.362904,pedidos,strong,9.155511856079102,True,
2025-07-31T22:20:49.567746,pedidos,strong,4.4078826904296875,True,
2025-07-31T22:20:49.776756,pedidos,strong,8.353471755981445,True,
2025-07-31T22:20:49.982922,pedidos,strong,5.753040313720703,True,
2025-07-31T22:20:50.191384,pedidos,strong,8.00943374633789,True,
2025-07-31T22:20:50.397085,pedidos,strong,5.301713943481445,True,
2025-07-31T22:20:50.606484,pedidos,strong,8.975028991699219,True,
2025-07-31T22:20:50.818656,pedidos,strong,11.855125427246094,True,
2025-07-31T22:20:51.022731,pedidos,strong,3.7717819213867188,True,
2025-07-31T22:20:51.233736,pedidos,strong,10.510921478271484,True,
2025-07-31T22:20:51.443165,pedidos,strong,8.887052536010742,True,
2025-07-31T22:20:51.647565,pedidos,strong,4.121065139770508,True,
2025-07-31T22:20:51.856046,pedidos,strong,8.039712905883789,True,
2025-07-31T22:20:52.062098,pedidos,strong,5.7353973388671875,True,
2025-07-31T22:20:52.267872,pedidos,strong,5.265951156616211,True,
2025-07-31T22:20:52.472538,pedidos,strong,4.369258880615234,True,
2025-07-31T22:20:52.682493,pedidos,strong,9.391546249389648,True,
2025-07-31T22:20:52.891685,pedidos,strong,8.949518203735352,True,
2025-07-31T22:20:53.103084,pedidos,strong,10.819435119628906,True,
2025-07-31T22:20:53.307858,pedidos,strong,4.381656646728516,True,
2025-07-31T22:20:53.512368,pedidos,strong,4.174232482910156,True,
2025-07-31T22:20:53.717750,pedidos,strong,5.0201416015625,True,
2025-07-31T22:20:53.922764,pedidos,strong,4.894733428955078,True,
2025-07-31T22:20:54.131384,pedidos,strong,8.328676223754883,True,
2025-07-31T22:20:54.340321,pedidos,strong,8.4381103515625,True,
2025-07-31T22:20:54.546053,pedidos,strong,5.338907241821289,True,
2025-07-31T22:20:54.752726,pedidos,strong,6.3228607177734375,True,
2025-07-31T22:20:54.964095,pedidos,strong,10.769128799438477,True,
2025-07-31T22:20:55.173044,pedidos,strong,8.367300033569336,True,
2025-07-31T22:20:55.378395,pedidos,strong,4.906892776489258,True,
2025-07-31T22:20:55.587165,pedidos,strong,8.219242095947266,True,
2025-07-31T22:20:55.794491,pedidos,strong,6.736040115356445,True,
2025-07-31T22:20:56.004416,pedidos,strong,9.413003921508789,True,
2025-07-31T22:20:56.210876,pedidos,strong,5.902528762817383,True,
2025-07-31T22:20:56.415946,pedidos,strong,4.779577255249023,True,
2025-07-31T22:20:56.624889,pedidos,strong,8.530855178833008,True,
2025-07-31T22:20:56.832291,pedidos,strong,6.798505783081055,True,
2025-07-31T22:20:57.038627,pedidos,strong,5.8765411376953125,True,
2025-07-31T22:20:57.247943,pedidos,strong,8.779287338256836,True,
2025-07-31T22:20:57.456690,pedidos,strong,8.276939392089844,True,
2025-07-31T22:20:57.663606,pedidos,strong,6.454229354858398,True,
2025-07-31T22:20:57.871608,pedidos,strong,7.56382942199707,True,
2025-07-31T22:20:58.076798,pedidos,strong,4.701137542724609,True,
2025-07-31T22:20:58.284985,pedidos,strong,7.700920104980469,True,
2025-07-31T22:20:58.491797,pedidos,strong,6.485462188720703,True,
2025-07-31T22:20:58.696691,pedidos,strong,4.350900650024414,True,
2025-07-31T22:20:58.904748,pedidos,strong,7.62939453125,True,
2025-07-31T22:20:59.113083,pedidos,strong,7.838726043701172,True,
2025-07-31T22:20:59.323934,pedidos,strong,10.345220565795898,True,
2025-07-31T22:20:59.532456,pedidos,strong,7.979154586791992,True,
2025-07-31T22:20:59.739826,pedidos,strong,6.964445114135742,True,
2025-07-31T22:20:59.948434,pedidos,strong,8.089065551757812,True,
2025-07-31T22:21:00.153551,pedidos,strong,4.736900329589844,True,
2025-07-31T22:21:00.359309,pedidos,strong,5.452632904052734,True,
2025-07-31T22:21:00.565554,pedidos,strong,5.921602249145508,True,
2025-07-31T22:21:00.772197,pedidos,strong,6.257295608520508,True,
2025-07-31T22:21:00.978365,pedidos,strong,5.869150161743164,True,
2025-07-31T22:21:01.187313,pedidos,strong,8.570671081542969,True,
2025-07-31T22:21:01.395047,pedidos,strong,7.33637809753418,True,
2025-07-31T22:21:01.603735,pedidos,strong,8.219003677368164,True,
2025-07-31T22:21:01.816243,pedidos,strong,11.97957992553711,True,
2025-07-31T22:21:02.022613,pedidos,strong,5.920886993408203,True,
2025-07-31T22:21:02.227210,pedidos,strong,4.309654235839844,True,
2025-07-31T22:21:02.431461,pedidos,strong,4.016399383544922,True,
2025-07-31T22:21:02.640182,pedidos,strong,8.2244873046875,True,
2025-07-31T22:21:02.845739,pedidos,strong,5.133390426635742,True,
2025-07-31T22:21:03.051376,pedidos,strong,5.236148834228516,True,
2025-07-31T22:21:03.261265,pedidos,strong,9.308099746704102,True,
2025-07-31T22:21:03.466779,pedidos,strong,5.203485488891602,True,
2025-07-31T22:21:03.672180,pedidos,strong,5.002021789550781,True,
2025-07-31T22:21:03.881510,pedidos,strong,8.845329284667969,True,
2025-07-31T22:21:04.090459,pedidos,strong,8.466482162475586,True,
2025-07-31T22:21:04.295578,pedidos,strong,4.637241363525391,True,
2025-07-31T22:21:04.501521,pedidos,strong,5.467653274536133,True,
2025-07-31T22:21:04.708566,pedidos,strong,6.575107574462891,True,
2025-07-31T22:21:04.914980,pedidos,strong,6.041288375854492,True,
2025-07-31T22:21:05.119800,pedidos,strong,4.519939422607422,True,
2025-07-31T22:21:05.329734,pedidos,strong,9.363412857055664,True,
2025-07-31T22:21:05.536997,pedidos,strong,6.841421127319336,True,
2025-07-31T22:21:05.746744,pedidos,strong,9.124040603637695,True,
2025-07-31T22:21:05.955657,pedidos,strong,8.420467376708984,True,
2025-07-31T22:21:06.161404,pedidos,strong,5.32841682434082,True,
2025-07-31T22:21:06.370637,pedidos,strong,8.716344833374023,True,
2025-07-31T22:21:06.575817,pedidos,strong,4.792451858520508,True,
2025-07-31T22:21:06.786252,pedidos,strong,10.135173797607422,True,
2025-07-31T22:21:06.991517,pedidos,strong,4.952669143676758,True,
2025-07-31T22:21:07.196046,pedidos,strong,4.180431365966797,True,
2025-07-31T22:21:07.405449,pedidos,strong,8.93712043762207,True,
2025-07-31T22:21:07.612275,pedidos,strong,6.287813186645508,True,
2025-07-31T22:21:07.817619,pedidos,strong,4.944324493408203,True,
2025-07-31T22:21:08.023266,pedidos,strong,5.196809768676758,True,
2025-07-31T22:21:08.230919,pedidos,strong,7.173061370849609,True,
2025-07-31T22:21:08.440476,pedidos,strong,9.06825065612793,True,
2025-07-31T22:21:08.645169,pedidos,strong,4.425525665283203,True,
2025-07-31T22:21:08.850896,pedidos,strong,5.36346435546875,True,
2025-07-31T22:21:09.056251,pedidos,strong,5.045413970947266,True,
2025-07-31T22:21:09.262281,pedidos,strong,5.720615386962891,True,
2025-07-31T22:21:09.469309,pedidos,strong,6.571054458618164,True,
2025-07-31T22:21:09.675945,pedidos,strong,6.25920295715332,True,
2025-07-31T22:21:09.882237,pedidos,strong,6.052732467651367,True,
2025-07-31T22:21:10.087647,pedidos,strong,5.015134811401367,True,
2025-07-31T22:21:10.297388,pedidos,strong,9.270191192626953,True,
2025-07-31T22:21:10.505218,pedidos,strong,7.388830184936523,True,
2025-07-31T22:21:10.714705,pedidos,strong,8.963346481323242,True,
2025-07-31T22:21:10.920487,pedidos,strong,5.417585372924805,True,
2025-07-31T22:21:11.125349,pedidos,strong,4.554510116577148,True,
2025-07-31T22:21:11.330916,pedidos,strong,5.265235900878906,True,
2025-07-31T22:21:11.541871,pedidos,strong,10.430574417114258,True,
2025-07-31T22:21:11.752042,pedidos,strong,9.490489959716797,True,
2025-07-31T22:21:11.958772,pedidos,strong,6.2255859375,True,
2025-07-31T22:21:12.168918,pedidos,strong,9.594917297363281,True,
2025-07-31T22:21:12.375506,pedidos,strong,6.295204162597656,True,
2025-07-31T22:21:12.581965,pedidos,strong,5.9642791748046875,True,
2025-07-31T22:21:12.794718,pedidos,strong,12.270450592041016,True,
2025-07-31T22:21:13.002390,pedidos,strong,7.145404815673828,True,
2025-07-31T22:21:13.210041,pedidos,strong,7.1563720703125,True,
2025-07-31T22:21:13.419496,pedidos,strong,9.044170379638672,True,
2025-07-31T22:21:13.624839,pedidos,strong,4.849433898925781,True,
2025-07-31T22:21:13.830359,pedidos,strong,4.919528961181641,True,
2025-07-31T22:21:14.036468,pedidos,strong,5.585908889770508,True,
2025-07-31T22:21:14.245377,pedidos,strong,8.487939834594727,True,
2025-07-31T22:21:14.450815,pedidos,strong,5.016088485717773,True,
2025-07-31T22:21:14.656598,pedidos,strong,5.373716354370117,True,
2025-07-31T22:21:14.862239,pedidos,strong,5.219936370849609,True,
2025-07-31T22:21:15.067254,pedidos,strong,4.642248153686523,True,
2025-07-31T22:21:15.277230,pedidos,strong,9.520530700683594,True,
2025-07-31T22:21:15.485076,pedidos,strong,7.376909255981445,True,
2025-07-31T22:21:15.691578,pedidos,strong,6.195068359375,True,
2025-07-31T22:21:15.900890,pedidos,strong,8.724689483642578,True,
2025-07-31T22:21:16.109857,pedidos,strong,8.43954086303711,True,
2025-07-31T22:21:16.315157,pedidos,strong,4.817962646484375,True,
2025-07-31T22:21:16.528414,pedidos,strong,12.764215469360352,True,
2025-07-31T22:21:16.736614,pedidos,strong,7.652997970581055,True,
2025-07-31T22:21:16.942695,pedidos,strong,5.731105804443359,True,
2025-07-31T22:21:17.153699,pedidos,strong,10.497808456420898,True,
2025-07-31T22:21:17.361217,pedidos,strong,7.023334503173828,True,
2025-07-31T22:21:17.566618,pedidos,strong,5.065441131591797,True,
2025-07-31T22:21:17.774250,pedidos,strong,7.30133056640625,True,
2025-07-31T22:21:17.979563,pedidos,strong,4.980325698852539,True,
2025-07-31T22:21:18.188314,pedidos,strong,8.198976516723633,True,
2025-07-31T22:21:18.394930,pedidos,strong,6.204366683959961,True,
2025-07-31T22:21:18.601577,pedidos,strong,6.272554397583008,True,
2025-07-31T22:21:18.810885,pedidos,strong,8.742094039916992,True,
2025-07-31T22:21:19.020848,pedidos,strong,9.397745132446289,True,
2025-07-31T22:21:19.226834,pedidos,strong,5.4721832275390625,True,
2025-07-31T22:21:19.436998,pedidos,strong,9.673833847045898,True,
2025-07-31T22:21:19.647409,pedidos,strong,9.89532470703125,True,
2025-07-31T22:21:19.852234,pedidos,strong,4.423856735229492,True,
2025-07-31T22:21:20.059254,pedidos,strong,6.498813629150391,True,
2025-07-31T22:21:20.264915,pedidos,strong,5.174160003662109,True,
2025-07-31T22:21:20.475605,pedidos,strong,10.189294815063477,True,
2025-07-31T22:21:20.684462,pedidos,strong,8.35275650024414,True,
2025-07-31T22:21:20.892176,pedidos,strong,7.3604583740234375,True,
2025-07-31T22:21:21.096670,pedidos,strong,4.285335540771484,True,
2025-07-31T22:21:21.304858,pedidos,strong,7.803916931152344,True,
2025-07-31T22:21:21.512608,pedidos,strong,7.260799407958984,True,
2025-07-31T22:21:21.720436,pedidos,strong,7.316112518310547,True,
2025-07-31T22:21:21.925414,pedidos,strong,4.6749114990234375,True,
2025-07-31T22:21:22.131170,pedidos,strong,5.371570587158203,True,
2025-07-31T22:21:22.337727,pedidos,strong,6.165027618408203,True,
2025-07-31T22:21:22.542580,pedidos,strong,4.66156005859375,True,
2025-07-31T22:21:22.750051,pedidos,strong,6.970643997192383,True,
2025-07-31T22:21:22.955733,pedidos,strong,5.277872085571289,True,
2025-07-31T22:21:23.164530,pedidos,strong,8.309602737426758,True,
2025-07-31T22:21:23.370762,pedidos,strong,5.643129348754883,True,
2025-07-31T22:21:23.580523,pedidos,strong,9.280920028686523,True,
2025-07-31T22:21:23.790934,pedidos,strong,9.825706481933594,True,
2025-07-31T22:21:24.000407,pedidos,strong,8.882284164428711,True,
2025-07-31T22:21:24.206807,pedidos,strong,6.088018417358398,True,
2025-07-31T22:21:24.413540,pedidos,strong,6.274223327636719,True,
2025-07-31T22:21:24.618057,pedidos,strong,4.183530807495117,True,
2025-07-31T22:21:24.823625,pedidos,strong,5.097389221191406,True,
2025-07-31T22:21:25.031400,pedidos,strong,7.252931594848633,True,
2025-07-31T22:21:25.236458,pedidos,strong,4.778385162353516,True,
2025-07-31T22:21:25.442767,pedidos,strong,5.939722061157227,True,
2025-07-31T22:21:25.647894,pedidos,strong,4.815816879272461,True,
2025-07-31T22:21:25.858615,pedidos,strong,10.142326354980469,True,
2025-07-31T22:21:26.066856,pedidos,strong,7.777690887451172,True,
2025-07-31T22:21:26.272807,pedidos,strong,5.666494369506836,True,
2025-07-31T22:21:26.479522,pedidos,strong,6.24394416809082,True,
2025-07-31T22:21:26.688531,pedidos,strong,8.522272109985352,True,
2025-07-31T22:21:26.896579,pedidos,strong,7.57145881652832,True,
2025-07-31T22:21:27.103364,pedidos,strong,6.328344345092773,True,
2025-07-31T22:21:27.312712,pedidos,strong,8.771657943725586,True,
2025-07-31T22:21:27.522191,pedidos,strong,8.77237319946289,True,
2025-07-31T22:21:27.729509,pedidos,strong,6.8378448486328125,True,
2025-07-31T22:21:27.938803,pedidos,strong,8.723735809326172,True,
2025-07-31T22:21:28.146491,pedidos,strong,7.211923599243164,True,
2025-07-31T22:21:28.353786,pedidos,strong,6.833314895629883,True,
2025-07-31T22:21:28.560375,pedidos,strong,6.263971328735352,True,
2025-07-31T22:21:28.766242,pedidos,strong,5.509853363037109,True,
2025-07-31T22:21:28.972332,pedidos,strong,5.720853805541992,True,
2025-07-31T22:21:29.177949,pedidos,strong,5.190610885620117,True,
2025-07-31T22:21:29.383706,pedidos,strong,5.228281021118164,True,
2025-07-31T22:21:29.592935,pedidos,strong,8.674144744873047,True,
2025-07-31T22:21:29.800948,pedidos,strong,7.355451583862305,True,
2025-07-31T22:21:30.008753,pedidos,strong,7.232904434204102,True,
2025-07-31T22:21:30.213459,pedidos,strong,4.292726516723633,True,
2025-07-31T22:21:30.419054,pedidos,strong,5.145788192749023,True,
2025-07-31T22:21:30.625445,pedidos,strong,6.096839904785156,True,
2025-07-31T22:21:30.834207,pedidos,strong,8.463144302368164,True,
2025-07-31T22:21:31.039212,pedidos,strong,4.684925079345703,True,
2025-07-31T22:21:31.245161,pedidos,strong,5.661964416503906,True,
2025-07-31T22:21:31.450723,pedidos,strong,5.100011825561523,True,
2025-07-31T22:21:31.656435,pedidos,strong,5.381107330322266,True,
2025-07-31T22:21:31.865580,pedidos,strong,8.70823860168457,True,
2025-07-31T22:21:32.075780,pedidos,strong,9.66024398803711,True,
2025-07-31T22:21:32.284023,pedidos,strong,7.849454879760742,True,
2025-07-31T22:21:32.491589,pedidos,strong,7.18998908996582,True,
2025-07-31T22:21:32.696387,pedidos,strong,4.440784454345703,True,
2025-07-31T22:21:32.901931,pedidos,strong,5.1822662353515625,True,
2025-07-31T22:21:33.107290,pedidos,strong,4.852771759033203,True,
2025-07-31T22:21:33.316500,pedidos,strong,8.270978927612305,True,
2025-07-31T22:21:33.523569,pedidos,strong,6.651639938354492,True,
2025-07-31T22:21:33.733162,pedidos,strong,8.884668350219727,True,
2025-07-31T22:21:33.940801,pedidos,strong,7.092714309692383,True,
2025-07-31T22:21:34.148322,pedidos,strong,7.100343704223633,True,
2025-07-31T22:21:34.358553,pedidos,strong,9.701728820800781,True,
2025-07-31T22:21:34.563732,pedidos,strong,4.680633544921875,True,
2025-07-31T22:21:34.770018,pedidos,strong,5.969524383544922,True,
2025-07-31T22:21:34.976517,pedidos,strong,6.16002082824707,True,
2025-07-31T22:21:35.186044,pedidos,strong,8.951425552368164,True,
2025-07-31T22:21:35.396024,pedidos,strong,9.482860565185547,True,
2025-07-31T22:21:35.603423,pedidos,strong,6.926298141479492,True,
2025-07-31T22:21:35.812213,pedidos,strong,8.283853530883789,True,
2025-07-31T22:21:36.020680,pedidos,strong,7.956266403198242,True,
2025-07-31T22:21:36.228586,pedidos,strong,7.33494758605957,True,
2025-07-31T22:21:36.440568,pedidos,strong,11.393070220947266,True,
2025-07-31T22:21:36.650351,pedidos,strong,9.27591323852539,True,
2025-07-31T22:21:36.859053,pedidos,strong,8.134603500366211,True,
2025-07-31T22:21:37.068528,pedidos,strong,8.794069290161133,True,
2025-07-31T22:21:37.279355,pedidos,strong,10.20193099975586,True,
2025-07-31T22:21:37.486629,pedidos,strong,6.81614875793457,True,
2025-07-31T22:21:37.696258,pedidos,strong,9.088754653930664,True,
2025-07-31T22:21:37.903111,pedidos,strong,6.444692611694336,True,
2025-07-31T22:21:38.112501,pedidos,strong,8.910655975341797,True,
2025-07-31T22:21:38.322008,pedidos,strong,9.02104377746582,True,
2025-07-31T22:21:38.528550,pedidos,strong,6.08515739440918,True,
2025-07-31T22:21:38.733863,pedidos,strong,4.954814910888672,True,
2025-07-31T22:21:38.939934,pedidos,strong,5.111932754516602,True,
2025-07-31T22:21:39.145992,pedidos,strong,5.634546279907227,True,
2025-07-31T22:21:39.351445,pedidos,strong,5.095005035400391,True,
2025-07-31T22:21:39.559838,pedidos,strong,7.702350616455078,True,
2025-07-31T22:21:39.769184,pedidos,strong,8.484363555908203,True,
2025-07-31T22:21:39.977205,pedidos,strong,7.346153259277344,True,
2025-07-31T22:21:40.186148,pedidos,strong,7.841348648071289,True,
2025-07-31T22:21:40.395385,pedidos,strong,8.716583251953125,True,
2025-07-31T22:21:40.603889,pedidos,strong,7.811307907104492,True,
2025-07-31T22:21:40.811677,pedidos,strong,7.408857345581055,True,
2025-07-31T22:21:41.018385,pedidos,strong,6.348848342895508,True,
2025-07-31T22:21:41.223203,pedidos,strong,4.4994354248046875,True,
2025-07-31T22:21:41.431593,pedidos,strong,7.942438125610352,True,
2025-07-31T22:21:41.638417,pedidos,strong,6.307840347290039,True,
2025-07-31T22:21:41.847163,pedidos,strong,8.265495300292969,True,
2025-07-31T22:21:42.053585,pedidos,strong,5.999326705932617,True,
2025-07-31T22:21:42.262359,pedidos,strong,8.240699768066406,True,
2025-07-31T22:21:42.471114,pedidos,strong,8.649826049804688,True,
2025-07-31T22:21:42.676748,pedidos,strong,5.325794219970703,True,
2025-07-31T22:21:42.884516,pedidos,strong,7.30133056640625,True,
2025-07-31T22:21:43.091061,pedidos,strong,6.135463714599609,True,
2025-07-31T22:21:43.298342,pedidos,strong,6.837129592895508,True,
2025-07-31T22:21:43.504336,pedidos,strong,5.699634552001953,True,
2025-07-31T22:21:43.710014,pedidos,strong,5.2928924560546875,True,
2025-07-31T22:21:43.915079,pedidos,strong,4.622220993041992,True,
2025-07-31T22:21:44.125348,pedidos,strong,9.647846221923828,True,
2025-07-31T22:21:44.334304,pedidos,strong,8.510589599609375,True,
2025-07-31T22:21:44.539950,pedidos,strong,5.167722702026367,True,
2025-07-31T22:21:44.752384,pedidos,strong,12.017011642456055,True,
2025-07-31T22:21:44.960072,pedidos,strong,7.389545440673828,True,
2025-07-31T22:21:45.165368,pedidos,strong,4.910469055175781,True,
2025-07-31T22:21:45.371490,pedidos,strong,5.608558654785156,True,
2025-07-31T22:21:45.577730,pedidos,strong,5.897998809814453,True,
2025-07-31T22:21:45.783698,pedidos,strong,5.621910095214844,True,
2025-07-31T22:21:45.991115,pedidos,strong,7.100820541381836,True,
2025-07-31T22:21:46.199544,pedidos,strong,7.935047149658203,True,
2025-07-31T22:21:46.408759,pedidos,strong,8.643150329589844,True,
2025-07-31T22:21:46.615144,pedidos,strong,6.051063537597656,True,
2025-07-31T22:21:46.823995,pedidos,strong,8.26716423034668,True,
2025-07-31T22:21:47.030901,pedidos,strong,6.438970565795898,True,
2025-07-31T22:21:47.236548,pedidos,strong,5.257368087768555,True,
2025-07-31T22:21:47.445125,pedidos,strong,8.11314582824707,True,
2025-07-31T22:21:47.650866,pedidos,strong,5.453348159790039,True,
2025-07-31T22:21:47.856198,pedidos,strong,5.007743835449219,True,
2025-07-31T22:21:48.061853,pedidos,strong,5.319356918334961,True,
2025-07-31T22:21:48.268505,pedidos,strong,6.252527236938477,True,
2025-07-31T22:21:48.477648,pedidos,strong,8.550405502319336,True,
2025-07-31T22:21:48.684400,pedidos,strong,6.309747695922852,True,
2025-07-31T22:21:48.892045,pedidos,strong,7.068157196044922,True,
2025-07-31T22:21:49.100873,pedidos,strong,8.299589157104492,True,
2025-07-31T22:21:49.308518,pedidos,strong,7.136106491088867,True,
2025-07-31T22:21:49.516007,pedidos,strong,7.003545761108398,True,
2025-07-31T22:21:49.720703,pedidos,strong,4.352569580078125,True,
2025-07-31T22:21:49.926257,pedidos,strong,5.223751068115234,True,
2025-07-31T22:21:50.133297,pedidos,strong,6.558656692504883,True,
2025-07-31T22:21:50.342765,pedidos,strong,8.894920349121094,True,
2025-07-31T22:21:50.554090,pedidos,strong,10.678529739379883,True,
2025-07-31T22:21:50.760478,pedidos,strong,5.950212478637695,True,
2025-07-31T22:21:50.965609,pedidos,strong,4.828214645385742,True,
2025-07-31T22:21:51.178049,pedidos,strong,11.972904205322266,True,
2025-07-31T22:21:51.388530,pedidos,strong,9.976625442504883,True,
2025-07-31T22:21:51.596451,pedidos,strong,7.4100494384765625,True,
2025-07-31T22:21:51.806712,pedidos,strong,9.76872444152832,True,
2025-07-31T22:21:52.015574,pedidos,strong,8.437633514404297,True,
2025-07-31T22:21:52.224717,pedidos,strong,8.606672286987305,True,
2025-07-31T22:21:52.431279,pedidos,strong,6.0882568359375,True,
2025-07-31T22:21:52.635550,pedidos,strong,3.9520263671875,True,
2025-07-31T22:21:52.843493,pedidos,strong,7.421016693115234,True,
2025-07-31T22:21:53.051773,pedidos,strong,7.752656936645508,True,
2025-07-31T22:21:53.260554,pedidos,strong,8.193254470825195,True,
2025-07-31T22:21:53.467042,pedidos,strong,6.036043167114258,True,
2025-07-31T22:21:53.676890,pedidos,strong,9.270906448364258,True,
2025-07-31T22:21:53.887257,pedidos,strong,9.90748405456543,True,
2025-07-31T22:21:54.093758,pedidos,strong,6.089448928833008,True,
2025-07-31T22:21:54.298901,pedidos,strong,4.643440246582031,True,
2025-07-31T22:21:54.503630,pedidos,strong,4.250288009643555,True,
2025-07-31T22:21:54.711257,pedidos,strong,7.10749626159668,True,
2025-07-31T22:21:54.921066,pedidos,strong,9.300708770751953,True,
2025-07-31T22:21:55.129474,pedidos,strong,8.086204528808594,True,
2025-07-31T22:21:55.337375,pedidos,strong,7.422208786010742,True,
2025-07-31T22:21:55.548099,pedidos,strong,10.020732879638672,True,
2025-07-31T22:21:55.756543,pedidos,strong,7.939338684082031,True,
2025-07-31T22:21:55.964710,pedidos,strong,7.664680480957031,True,
2025-07-31T22:21:56.169821,pedidos,strong,4.760265350341797,True,
2025-07-31T22:21:56.375259,pedidos,strong,5.109548568725586,True,
2025-07-31T22:21:56.584730,pedidos,strong,9.044885635375977,True,
2025-07-31T22:21:56.795199,pedidos,strong,9.795665740966797,True,
2025-07-31T22:21:57.003827,pedidos,strong,8.054018020629883,True,
2025-07-31T22:21:57.215286,pedidos,strong,10.842084884643555,True,
2025-07-31T22:21:57.425743,pedidos,strong,9.83428955078125,True,
2025-07-31T22:21:57.635873,pedidos,strong,9.577512741088867,True,
2025-07-31T22:21:57.846227,pedidos,strong,9.840250015258789,True,
2025-07-31T22:21:58.056049,pedidos,strong,9.236574172973633,True,
2025-07-31T22:21:58.261995,pedidos,strong,5.57708740234375,True,
2025-07-31T22:21:58.473267,pedidos,strong,10.681629180908203,True,
2025-07-31T22:21:58.684273,pedidos,strong,10.519266128540039,True,
2025-07-31T22:21:58.892978,pedidos,strong,8.205890655517578,True,
2025-07-31T22:21:59.101336,pedidos,strong,7.856130599975586,True,
2025-07-31T22:21:59.311363,pedidos,strong,9.398698806762695,True,
2025-07-31T22:21:59.522417,pedidos,strong,10.548114776611328,True,
2025-07-31T22:21:59.732826,pedidos,strong,9.833097457885742,True,
2025-07-31T22:21:59.943423,pedidos,strong,10.092973709106445,True,
2025-07-31T22:22:00.152503,pedidos,strong,8.486747741699219,True,
2025-07-31T22:22:00.357883,pedidos,strong,4.877328872680664,True,
2025-07-31T22:22:00.563680,pedidos,strong,5.411386489868164,True,
2025-07-31T22:22:00.770754,pedidos,strong,6.730794906616211,True,
2025-07-31T22:22:00.976892,pedidos,strong,5.850553512573242,True,
2025-07-31T22:22:01.185513,pedidos,strong,8.107185363769531,True,
2025-07-31T22:22:01.392089,pedidos,strong,6.028652191162109,True,
2025-07-31T22:22:01.599227,pedidos,strong,6.516933441162109,True,
2025-07-31T22:22:01.806490,pedidos,strong,6.675958633422852,True,
2025-07-31T22:22:02.017429,pedidos,strong,10.25080680847168,True,
2025-07-31T22:22:02.226855,pedidos,strong,8.930444717407227,True,
2025-07-31T22:22:02.432995,pedidos,strong,5.80143928527832,True,
2025-07-31T22:22:02.638898,pedidos,strong,5.5179595947265625,True,
2025-07-31T22:22:02.845605,pedidos,strong,6.3686370849609375,True,
2025-07-31T22:22:03.053667,pedidos,strong,7.525444030761719,True,
2025-07-31T22:22:03.263689,pedidos,strong,9.515523910522461,True,
2025-07-31T22:22:03.469313,pedidos,strong,5.105733871459961,True,
2025-07-31T22:22:03.676808,pedidos,strong,7.084131240844727,True,
2025-07-31T22:22:03.884524,pedidos,strong,7.19761848449707,True,
2025-07-31T22:22:04.095846,pedidos,strong,10.743141174316406,True,
2025-07-31T22:22:04.302012,pedidos,strong,5.751371383666992,True,
2025-07-31T22:22:04.507210,pedidos,strong,4.808902740478516,True,
2025-07-31T22:22:04.713389,pedidos,strong,5.701541900634766,True,
2025-07-31T22:22:04.919599,pedidos,strong,5.885601043701172,True,
2025-07-31T22:22:05.128985,pedidos,strong,8.774757385253906,True,
2025-07-31T22:22:05.337656,pedidos,strong,8.189916610717773,True,
2025-07-31T22:22:05.546836,pedidos,strong,8.727312088012695,True,
2025-07-31T22:22:05.757372,pedidos,strong,10.042190551757812,True,
2025-07-31T22:22:05.964370,pedidos,strong,6.47425651550293,True,
2025-07-31T22:22:06.171239,pedidos,strong,6.206274032592773,True,
2025-07-31T22:22:06.380058,pedidos,strong,8.251667022705078,True,
2025-07-31T22:22:06.589927,pedidos,strong,9.284496307373047,True,
2025-07-31T22:22:06.797881,pedidos,strong,7.378578186035156,True,
2025-07-31T22:22:07.005856,pedidos,strong,7.354736328125,True,
2025-07-31T22:22:07.210570,pedidos,strong,4.405975341796875,True,
2025-07-31T22:22:07.421897,pedidos,strong,10.621070861816406,True,
2025-07-31T22:22:07.631718,pedidos,strong,9.323835372924805,True,
2025-07-31T22:22:07.839901,pedidos,strong,7.603168487548828,True,
2025-07-31T22:22:08.048303,pedidos,strong,7.887363433837891,True,
2025-07-31T22:22:08.256140,pedidos,strong,7.288455963134766,True,
2025-07-31T22:22:08.462375,pedidos,strong,5.834817886352539,True,
2025-07-31T22:22:08.670942,pedidos,strong,7.928609848022461,True,
2025-07-31T22:22:08.881296,pedidos,strong,9.85097885131836,True,
2025-07-31T22:22:09.088311,pedidos,strong,6.513118743896484,True,
2025-07-31T22:22:09.294193,pedidos,strong,5.534648895263672,True,
2025-07-31T22:22:09.502160,pedidos,strong,7.3833465576171875,True,
2025-07-31T22:22:09.712419,pedidos,strong,9.685754776000977,True,
2025-07-31T22:22:09.922983,pedidos,strong,9.879350662231445,True,
2025-07-31T22:22:10.132285,pedidos,strong,8.813858032226562,True,
2025-07-31T22:22:10.343266,pedidos,strong,10.482311248779297,True,
2025-07-31T22:22:10.550578,pedidos,strong,6.716012954711914,True,
2025-07-31T22:22:10.762241,pedidos,strong,11.068344116210938,True,
2025-07-31T22:22:10.967239,pedidos,strong,4.709482192993164,True,
2025-07-31T22:22:11.172658,pedidos,strong,5.049467086791992,True,
2025-07-31T22:22:11.378830,pedidos,strong,5.856037139892578,True,
2025-07-31T22:22:11.583853,pedidos,strong,4.621267318725586,True,
2025-07-31T22:22:11.794211,pedidos,strong,9.658336639404297,True,
2025-07-31T22:22:12.004059,pedidos,strong,9.242534637451172,True,
2025-07-31T22:22:12.215112,pedidos,strong,10.605812072753906,True,
2025-07-31T22:22:12.422155,pedidos,strong,6.692171096801758,True,
2025-07-31T22:22:12.626533,pedidos,strong,4.074335098266602,True,
2025-07-31T22:22:12.836026,pedidos,strong,9.041309356689453,True,
2025-07-31T22:22:13.046162,pedidos,strong,9.89675521850586,True,
2025-07-31T22:22:13.251082,pedidos,strong,4.429817199707031,True,
2025-07-31T22:22:13.461662,pedidos,strong,10.022878646850586,True,
2025-07-31T22:22:13.668486,pedidos,strong,6.3114166259765625,True,
2025-07-31T22:22:13.875829,pedidos,strong,6.894826889038086,True,
2025-07-31T22:22:14.086548,pedidos,strong,10.218143463134766,True,
2025-07-31T22:22:14.294528,pedidos,strong,7.301807403564453,True,
2025-07-31T22:22:14.500298,pedidos,strong,5.437374114990234,True,
2025-07-31T22:22:14.706505,pedidos,strong,5.679607391357422,True,
2025-07-31T22:22:14.914966,pedidos,strong,8.005619049072266,True,
2025-07-31T22:22:15.121848,pedidos,strong,6.3610076904296875,True,
2025-07-31T22:22:15.330336,pedidos,strong,7.909297943115234,True,
2025-07-31T22:22:15.537747,pedidos,strong,6.984472274780273,True,
2025-07-31T22:22:15.742615,pedidos,strong,4.37164306640625,True,
2025-07-31T22:22:15.954051,pedidos,strong,10.847091674804688,True,
2025-07-31T22:22:16.163421,pedidos,strong,8.782386779785156,True,
2025-07-31T22:22:16.373398,pedidos,strong,9.368181228637695,True,
2025-07-31T22:22:16.582894,pedidos,strong,8.919954299926758,True,
2025-07-31T22:22:16.790044,pedidos,strong,6.630182266235352,True,
2025-07-31T22:22:16.997464,pedidos,strong,6.908178329467773,True,
2025-07-31T22:22:17.209402,pedidos,strong,11.353731155395508,True,
2025-07-31T22:22:17.417739,pedidos,strong,7.745027542114258,True,
2025-07-31T22:22:17.627146,pedidos,strong,8.820056915283203,True,
2025-07-31T22:22:17.832819,pedidos,strong,5.382299423217773,True,
2025-07-31T22:22:18.041204,pedidos,strong,7.808208465576172,True,
2025-07-31T22:22:18.248190,pedidos,strong,6.399631500244141,True,
2025-07-31T22:22:18.455100,pedidos,strong,6.335735321044922,True,
2025-07-31T22:22:18.662135,pedidos,strong,6.450414657592773,True,
2025-07-31T22:22:18.872493,pedidos,strong,9.757518768310547,True,
2025-07-31T22:22:19.082116,pedidos,strong,9.054422378540039,True,
2025-07-31T22:22:19.291873,pedidos,strong,9.186267852783203,True,
2025-07-31T22:22:19.500296,pedidos,strong,7.828474044799805,True,
2025-07-31T22:22:19.706671,pedidos,strong,6.03032112121582,True,
2025-07-31T22:22:19.915641,pedidos,strong,8.522987365722656,True,
2025-07-31T22:22:20.124628,pedidos,strong,8.412361145019531,True,
2025-07-31T22:22:20.330951,pedidos,strong,5.896329879760742,True,
2025-07-31T22:22:20.539883,pedidos,strong,8.43191146850586,True,
2025-07-31T22:22:20.750630,pedidos,strong,10.246038436889648,True,
2025-07-31T22:22:20.956638,pedidos,strong,5.681753158569336,True,
2025-07-31T22:22:21.164191,pedidos,strong,7.095575332641602,True,
2025-07-31T22:22:21.371816,pedidos,strong,7.157564163208008,True,
2025-07-31T22:22:21.576272,pedidos,strong,4.065752029418945,True,
2025-07-31T22:22:21.782550,pedidos,strong,5.893945693969727,True,
2025-07-31T22:22:21.992295,pedidos,strong,9.096860885620117,True,
2025-07-31T22:22:22.197960,pedidos,strong,5.148410797119141,True,
2025-07-31T22:22:22.403532,pedidos,strong,5.2204132080078125,True,
2025-07-31T22:22:22.611308,pedidos,strong,7.294654846191406,True,
2025-07-31T22:22:22.820583,pedidos,strong,8.704423904418945,True,
2025-07-31T22:22:23.031441,pedidos,strong,10.330438613891602,True,
2025-07-31T22:22:23.241661,pedidos,strong,9.725570678710938,True,
2025-07-31T22:22:23.450080,pedidos,strong,7.924079895019531,True,
2025-07-31T22:22:23.660812,pedidos,strong,10.241985321044922,True,
2025-07-31T22:22:23.865743,pedidos,strong,4.656791687011719,True,
2025-07-31T22:22:24.073968,pedidos,strong,7.516622543334961,True,
2025-07-31T22:22:24.280567,pedidos,strong,6.237268447875977,True,
2025-07-31T22:22:24.487696,pedidos,strong,6.671428680419922,True,
2025-07-31T22:22:24.692848,pedidos,strong,4.764080047607422,True,
2025-07-31T22:22:24.897866,pedidos,strong,4.549503326416016,True,
2025-07-31T22:22:25.106890,pedidos,strong,8.447408676147461,True,
2025-07-31T22:22:25.314702,pedidos,strong,7.317066192626953,True,
2025-07-31T22:22:25.520203,pedidos,strong,5.0048828125,True,
2025-07-31T22:22:25.728653,pedidos,strong,7.873296737670898,True,
2025-07-31T22:22:25.939544,pedidos,strong,10.316133499145508,True,
2025-07-31T22:22:26.144996,pedidos,strong,4.998445510864258,True,
2025-07-31T22:22:26.350163,pedidos,strong,4.864215850830078,True,
2025-07-31T22:22:26.560557,pedidos,strong,9.87386703491211,True,
2025-07-31T22:22:26.768061,pedidos,strong,7.0247650146484375,True,
2025-07-31T22:22:26.979042,pedidos,strong,10.47968864440918,True,
2025-07-31T22:22:27.190237,pedidos,strong,10.502815246582031,True,
2025-07-31T22:22:27.400979,pedidos,strong,10.169267654418945,True,
2025-07-31T22:22:27.610690,pedidos,strong,9.134292602539062,True,
2025-07-31T22:22:27.818156,pedidos,strong,6.993770599365234,True,
2025-07-31T22:22:28.026466,pedidos,strong,7.813453674316406,True,
2025-07-31T22:22:28.232918,pedidos,strong,6.161689758300781,True,
2025-07-31T22:22:28.442339,pedidos,strong,8.912324905395508,True,
2025-07-31T22:22:28.647202,pedidos,strong,4.493236541748047,True,
2025-07-31T22:22:28.857837,pedidos,strong,10.065555572509766,True,
2025-07-31T22:22:29.066832,pedidos,strong,8.44120979309082,True,
2025-07-31T22:22:29.274470,pedidos,strong,7.054567337036133,True,
2025-07-31T22:22:29.485593,pedidos,strong,10.53929328918457,True,
2025-07-31T22:22:29.694957,pedidos,strong,8.748292922973633,True,
2025-07-31T22:22:29.904297,pedidos,strong,8.833169937133789,True,
2025-07-31T22:22:30.113073,pedidos,strong,8.209705352783203,True,
2025-07-31T22:22:30.318281,pedidos,strong,4.796504974365234,True,
2025-07-31T22:22:30.526428,pedidos,strong,7.627010345458984,True,
2025-07-31T22:22:30.732192,pedidos,strong,5.463123321533203,True,
2025-07-31T22:22:30.938424,pedidos,strong,5.927562713623047,True,
2025-07-31T22:22:31.142956,pedidos,strong,4.228830337524414,True,
2025-07-31T22:22:31.350387,pedidos,strong,6.933927536010742,True,
2025-07-31T22:22:31.559802,pedidos,strong,8.75711441040039,True,
2025-07-31T22:22:31.769122,pedidos,strong,8.834362030029297,True,
2025-07-31T22:22:31.975988,pedidos,strong,6.379604339599609,True,
2025-07-31T22:22:32.184952,pedidos,strong,8.469104766845703,True,
2025-07-31T22:22:32.391764,pedidos,strong,6.390810012817383,True,
2025-07-31T22:22:32.597805,pedidos,strong,5.5561065673828125,True,
2025-07-31T22:22:32.803485,pedidos,strong,5.311727523803711,True,
2025-07-31T22:22:33.011170,pedidos,strong,7.337093353271484,True,
2025-07-31T22:22:33.221630,pedidos,strong,9.964227676391602,True,
2025-07-31T22:22:33.432055,pedidos,strong,9.822607040405273,True,
2025-07-31T22:22:33.640556,pedidos,strong,7.98797607421875,True,
2025-07-31T22:22:33.849412,pedidos,strong,8.260011672973633,True,
2025-07-31T22:22:34.053865,pedidos,strong,3.938436508178711,True,
2025-07-31T22:22:34.265098,pedidos,strong,10.724067687988281,True,
2025-07-31T22:22:34.475200,pedidos,strong,9.621620178222656,True,
2025-07-31T22:22:34.680359,pedidos,strong,4.759550094604492,True,
2025-07-31T22:22:34.887399,pedidos,strong,6.554365158081055,True,
2025-07-31T22:22:35.092317,pedidos,strong,4.5490264892578125,True,
2025-07-31T22:22:35.302799,pedidos,strong,9.989261627197266,True,
2025-07-31T22:22:35.512338,pedidos,strong,9.05156135559082,True,
2025-07-31T22:22:35.722537,pedidos,strong,9.706735610961914,True,
2025-07-31T22:22:35.931111,pedidos,strong,8.082151412963867,True,
2025-07-31T22:22:36.139326,pedidos,strong,7.741451263427734,True,
2025-07-31T22:22:36.350035,pedidos,strong,10.146379470825195,True,
2025-07-31T22:22:36.560210,pedidos,strong,9.598731994628906,True,
2025-07-31T22:22:36.766313,pedidos,strong,5.713462829589844,True,
2025-07-31T22:22:36.974683,pedidos,strong,7.841587066650391,True,
2025-07-31T22:22:37.180695,pedidos,strong,5.652666091918945,True,
2025-07-31T22:22:37.390211,pedidos,strong,8.928060531616211,True,
2025-07-31T22:22:37.599076,pedidos,strong,8.36038589477539,True,
2025-07-31T22:22:37.807094,pedidos,strong,7.520914077758789,True,
2025-07-31T22:22:38.014708,pedidos,strong,6.996393203735352,True,
2025-07-31T22:22:38.225783,pedidos,strong,10.504961013793945,True,
2025-07-31T22:22:38.433485,pedidos,strong,7.155179977416992,True,
2025-07-31T22:22:38.644832,pedidos,strong,10.834455490112305,True,
2025-07-31T22:22:38.850150,pedidos,strong,4.981040954589844,True,
2025-07-31T22:22:39.054871,pedidos,strong,4.319429397583008,True,
2025-07-31T22:22:39.261323,pedidos,strong,6.104469299316406,True,
2025-07-31T22:22:39.472241,pedidos,strong,10.344505310058594,True,
2025-07-31T22:22:39.678915,pedidos,strong,6.173610687255859,True,
2025-07-31T22:22:39.888899,pedidos,strong,9.504079818725586,True,
2025-07-31T22:22:40.096452,pedidos,strong,7.064580917358398,True,
2025-07-31T22:22:40.306530,pedidos,strong,9.590625762939453,True,
2025-07-31T22:22:40.514986,pedidos,strong,7.873773574829102,True,
2025-07-31T22:22:40.720952,pedidos,strong,5.636453628540039,True,
2025-07-31T22:22:40.927894,pedidos,strong,6.689310073852539,True,
2025-07-31T22:22:41.132253,pedidos,strong,4.241943359375,True,
2025-07-31T22:22:41.337549,pedidos,strong,4.899501800537109,True,
2025-07-31T22:22:41.543170,pedidos,strong,5.13148307800293,True,
2025-07-31T22:22:41.752016,pedidos,strong,8.322477340698242,True,
2025-07-31T22:22:41.957105,pedidos,strong,4.900932312011719,True,
2025-07-31T22:22:42.167739,pedidos,strong,10.123014450073242,True,
2025-07-31T22:22:42.374137,pedidos,strong,6.00886344909668,True,
2025-07-31T22:22:42.579514,pedidos,strong,5.144834518432617,True,
2025-07-31T22:22:42.786238,pedidos,strong,6.227970123291016,True,
2025-07-31T22:22:42.991546,pedidos,strong,4.744052886962891,True,
2025-07-31T22:22:43.196919,pedidos,strong,5.054473876953125,True,
2025-07-31T22:22:43.402228,pedidos,strong,4.922151565551758,True,
2025-07-31T22:22:43.608656,pedidos,strong,6.017446517944336,True,
2025-07-31T22:22:43.819876,pedidos,strong,10.674476623535156,True,
2025-07-31T22:22:44.024262,pedidos,strong,4.103422164916992,True,
2025-07-31T22:22:44.231006,pedidos,strong,6.219148635864258,True,
2025-07-31T22:22:44.437245,pedidos,strong,5.766153335571289,True,
2025-07-31T22:22:44.643277,pedidos,strong,5.537986755371094,True,
2025-07-31T22:22:44.850537,pedidos,strong,6.890058517456055,True,
2025-07-31T22:22:45.060526,pedidos,strong,9.487152099609375,True,
2025-07-31T22:22:45.266061,pedidos,strong,5.1708221435546875,True,
2025-07-31T22:22:45.471021,pedidos,strong,4.724740982055664,True,
2025-07-31T22:22:45.678616,pedidos,strong,7.178068161010742,True,
2025-07-31T22:22:45.889451,pedidos,strong,10.235071182250977,True,
2025-07-31T22:22:46.098923,pedidos,strong,8.984804153442383,True,
2025-07-31T22:22:46.307530,pedidos,strong,8.092641830444336,True,
2025-07-31T22:22:46.517706,pedidos,strong,9.641885757446289,True,
2025-07-31T22:22:46.721846,pedidos,strong,3.721475601196289,True,
2025-07-31T22:22:46.933144,pedidos,strong,10.64443588256836,True,
2025-07-31T22:22:47.143341,pedidos,strong,9.666204452514648,True,
2025-07-31T22:22:47.353895,pedidos,strong,9.857892990112305,True,
2025-07-31T22:22:47.563732,pedidos,strong,9.166240692138672,True,
2025-07-31T22:22:47.775022,pedidos,strong,10.766267776489258,True,
2025-07-31T22:22:47.979785,pedidos,strong,4.349231719970703,True,
2025-07-31T22:22:48.189740,pedidos,strong,9.376287460327148,True,
2025-07-31T22:22:48.398689,pedidos,strong,8.35418701171875,True,
2025-07-31T22:22:48.606699,pedidos,strong,7.415533065795898,True,
2025-07-31T22:22:48.811651,pedidos,strong,4.517078399658203,True,
2025-07-31T22:22:49.023779,pedidos,strong,11.416912078857422,True,
2025-07-31T22:22:49.233229,pedidos,strong,8.918285369873047,True,
2025-07-31T22:22:49.441469,pedidos,strong,7.6999664306640625,True,
2025-07-31T22:22:49.650521,pedidos,strong,8.569717407226562,True,
2025-07-31T22:22:49.859760,pedidos,strong,8.792400360107422,True,
2025-07-31T22:22:50.065311,pedidos,strong,5.225419998168945,True,
2025-07-31T22:22:50.276156,pedidos,strong,10.285615921020508,True,
2025-07-31T22:22:50.483905,pedidos,strong,7.359743118286133,True,
2025-07-31T22:22:50.692919,pedidos,strong,8.504152297973633,True,
2025-07-31T22:22:50.898966,pedidos,strong,5.6934356689453125,True,
2025-07-31T22:22:51.103550,pedidos,strong,4.287481307983398,True,
2025-07-31T22:22:51.310326,pedidos,strong,6.3190460205078125,True,
2025-07-31T22:22:51.518242,pedidos,strong,7.388830184936523,True,
2025-07-31T22:22:51.723272,pedidos,strong,4.57453727722168,True,
2025-07-31T22:22:51.933107,pedidos,strong,9.235858917236328,True,
2025-07-31T22:22:52.139180,pedidos,strong,5.727529525756836,True,
2025-07-31T22:22:52.347258,pedidos,strong,7.515192031860352,True,
2025-07-31T22:22:52.553060,pedidos,strong,5.629777908325195,True,
2025-07-31T22:22:52.760944,pedidos,strong,7.353067398071289,True,
2025-07-31T22:22:52.969146,pedidos,strong,8.021831512451172,True,
2025-07-31T22:22:53.179915,pedidos,strong,10.066032409667969,True,
2025-07-31T22:22:53.387428,pedidos,strong,6.997585296630859,True,
2025-07-31T22:22:53.592339,pedidos,strong,4.516839981079102,True,
2025-07-31T22:22:53.798099,pedidos,strong,5.35273551940918,True,
2025-07-31T22:22:54.003361,pedidos,strong,4.955053329467773,True,
2025-07-31T22:22:54.213110,pedidos,strong,9.239912033081055,True,
2025-07-31T22:22:54.421168,pedidos,strong,7.533550262451172,True,
2025-07-31T22:22:54.626902,pedidos,strong,5.245685577392578,True,
2025-07-31T22:22:54.833070,pedidos,strong,5.785226821899414,True,
2025-07-31T22:22:55.039739,pedidos,strong,6.276845932006836,True,
2025-07-31T22:22:55.245116,pedidos,strong,4.975795745849609,True,
2025-07-31T22:22:55.452995,pedidos,strong,7.35926628112793,True,
2025-07-31T22:22:55.662136,pedidos,strong,8.625984191894531,True,
2025-07-31T22:22:55.867587,pedidos,strong,5.061149597167969,True,
2025-07-31T22:22:56.077933,pedidos,strong,9.807348251342773,True,
2025-07-31T22:22:56.285322,pedidos,strong,6.942510604858398,True,
2025-07-31T22:22:56.489971,pedidos,strong,4.256248474121094,True,
2025-07-31T22:22:56.699320,pedidos,strong,8.758306503295898,True,
2025-07-31T22:22:56.908276,pedidos,strong,8.448600769042969,True,
2025-07-31T22:22:57.119110,pedidos,strong,10.27059555053711,True,
2025-07-31T22:22:57.327321,pedidos,strong,7.6999664306640625,True,
2025-07-31T22:22:57.538003,pedidos,strong,10.213136672973633,True,
2025-07-31T22:22:57.746923,pedidos,strong,8.420228958129883,True,
2025-07-31T22:22:57.956753,pedidos,strong,9.334325790405273,True,
2025-07-31T22:22:58.162897,pedidos,strong,5.539178848266602,True,
2025-07-31T22:22:58.374206,pedidos,strong,10.749578475952148,True,
2025-07-31T22:22:58.580370,pedidos,strong,5.830049514770508,True,
2025-07-31T22:22:58.787381,pedidos,strong,6.544589996337891,True,
2025-07-31T22:22:58.995076,pedidos,strong,7.18998908996582,True,
2025-07-31T22:22:59.205336,pedidos,strong,9.693384170532227,True,
2025-07-31T22:22:59.415108,pedidos,strong,9.186983108520508,True,
2025-07-31T22:22:59.625829,pedidos,strong,10.144233703613281,True,
2025-07-31T22:22:59.835821,pedidos,strong,9.393453598022461,True,
2025-07-31T22:23:00.041136,pedidos,strong,4.9762725830078125,True,
2025-07-31T22:23:00.246750,pedidos,strong,5.184412002563477,True,
2025-07-31T22:23:00.456467,pedidos,strong,9.020805358886719,True,
2025-07-31T22:23:00.663565,pedidos,strong,6.628274917602539,True,
2025-07-31T22:23:00.869764,pedidos,strong,5.838871002197266,True,
2025-07-31T22:23:01.075886,pedidos,strong,5.736351013183594,True,
2025-07-31T22:23:01.281622,pedidos,strong,5.275964736938477,True,
2025-07-31T22:23:01.491678,pedidos,strong,9.485721588134766,True,
2025-07-31T22:23:01.701510,pedidos,strong,9.236335754394531,True,
2025-07-31T22:23:01.910970,pedidos,strong,8.90493392944336,True,
2025-07-31T22:23:02.116065,pedidos,strong,4.55927848815918,True,
2025-07-31T22:23:02.321854,pedidos,strong,5.484342575073242,True,
2025-07-31T22:23:02.526759,pedidos,strong,4.580259323120117,True,
2025-07-31T22:23:02.736311,pedidos,strong,8.892059326171875,True,
2025-07-31T22:23:02.942170,pedidos,strong,5.562305450439453,True,
2025-07-31T22:23:03.153208,pedidos,strong,10.418176651000977,True,
2025-07-31T22:23:03.362274,pedidos,strong,8.454084396362305,True,
2025-07-31T22:23:03.569348,pedidos,strong,6.663322448730469,True,
2025-07-31T22:23:03.779546,pedidos,strong,9.691715240478516,True,
2025-07-31T22:23:03.988966,pedidos,strong,8.924484252929688,True,
2025-07-31T22:23:04.196925,pedidos,strong,7.398128509521484,True,
2025-07-31T22:23:04.402179,pedidos,strong,4.8961639404296875,True,
2025-07-31T22:23:04.608279,pedidos,strong,5.719184875488281,True,
2025-07-31T22:23:04.818239,pedidos,strong,9.35673713684082,True,
2025-07-31T22:23:05.024027,pedidos,strong,5.450963973999023,True,
2025-07-31T22:23:05.235711,pedidos,strong,10.964155197143555,True,
2025-07-31T22:23:05.444066,pedidos,strong,7.8182220458984375,True,
2025-07-31T22:23:05.652176,pedidos,strong,7.597446441650391,True,
2025-07-31T22:23:05.858309,pedidos,strong,5.713462829589844,True,
2025-07-31T22:23:06.063661,pedidos,strong,5.035877227783203,True,
2025-07-31T22:23:06.268875,pedidos,strong,4.760265350341797,True,
2025-07-31T22:23:06.474502,pedidos,strong,5.267143249511719,True,
2025-07-31T22:23:06.684562,pedidos,strong,9.362936019897461,True,
2025-07-31T22:23:06.892780,pedidos,strong,7.629632949829102,True,
2025-07-31T22:23:07.103709,pedidos,strong,10.334491729736328,True,
2025-07-31T22:23:07.313383,pedidos,strong,9.157896041870117,True,
2025-07-31T22:23:07.524044,pedidos,strong,10.078191757202148,True,
2025-07-31T22:23:07.735953,pedidos,strong,11.307239532470703,True,
2025-07-31T22:23:07.941154,pedidos,strong,4.817485809326172,True,
2025-07-31T22:23:08.152591,pedidos,strong,10.92529296875,True,
2025-07-31T22:23:08.361042,pedidos,strong,7.951498031616211,True,
2025-07-31T22:23:08.568834,pedidos,strong,7.203102111816406,True,
2025-07-31T22:23:08.774454,pedidos,strong,5.1364898681640625,True,
2025-07-31T22:23:08.979596,pedidos,strong,4.741668701171875,True,
2025-07-31T22:23:09.187250,pedidos,strong,7.070302963256836,True,
2025-07-31T22:23:09.393317,pedidos,strong,5.682706832885742,True,
2025-07-31T22:23:09.598539,pedidos,strong,4.873514175415039,True,
2025-07-31T22:23:09.810636,pedidos,strong,11.500358581542969,True,
2025-07-31T22:23:10.021653,pedidos,strong,10.51640510559082,True,
2025-07-31T22:23:10.228073,pedidos,strong,5.938529968261719,True,
2025-07-31T22:23:10.436325,pedidos,strong,7.7075958251953125,True,
2025-07-31T22:23:10.644263,pedidos,strong,7.283449172973633,True,
2025-07-31T22:23:10.851917,pedidos,strong,7.307291030883789,True,
2025-07-31T22:23:11.057337,pedidos,strong,5.110740661621094,True,
2025-07-31T22:23:11.264304,pedidos,strong,6.508111953735352,True,
2025-07-31T22:23:11.469722,pedidos,strong,5.074977874755859,True,
2025-07-31T22:23:11.679100,pedidos,strong,8.675575256347656,True,
2025-07-31T22:23:11.887780,pedidos,strong,8.096933364868164,True,
2025-07-31T22:23:12.099025,pedidos,strong,10.722637176513672,True,
2025-07-31T22:23:12.306890,pedidos,strong,7.353782653808594,True,
2025-07-31T22:23:12.512057,pedidos,strong,4.857778549194336,True,
2025-07-31T22:23:12.721521,pedidos,strong,9.032011032104492,True,
2025-07-31T22:23:12.931098,pedidos,strong,9.089946746826172,True,
2025-07-31T22:23:13.140708,pedidos,strong,9.105205535888672,True,
2025-07-31T22:23:13.348321,pedidos,strong,6.915092468261719,True,
2025-07-31T22:23:13.554450,pedidos,strong,5.827188491821289,True,
2025-07-31T22:23:13.764978,pedidos,strong,10.033369064331055,True,
2025-07-31T22:23:13.971430,pedidos,strong,6.0596466064453125,True,
2025-07-31T22:23:14.182255,pedidos,strong,10.21432876586914,True,
2025-07-31T22:23:14.392634,pedidos,strong,9.880781173706055,True,
2025-07-31T22:23:14.598694,pedidos,strong,5.579233169555664,True,
2025-07-31T22:23:14.804738,pedidos,strong,5.663156509399414,True,
2025-07-31T22:23:15.013405,pedidos,strong,8.161544799804688,True,
2025-07-31T22:23:15.218216,pedidos,strong,4.36854362487793,True,
2025-07-31T22:23:15.423188,pedidos,strong,4.518032073974609,True,
2025-07-31T22:23:15.631713,pedidos,strong,7.95435905456543,True,
2025-07-31T22:23:15.836875,pedidos,strong,4.70280647277832,True,
2025-07-31T22:23:16.047755,pedidos,strong,10.256290435791016,True,
2025-07-31T22:23:16.253269,pedidos,strong,4.96220588684082,True,
2025-07-31T22:23:16.459297,pedidos,strong,5.615472793579102,True,
2025-07-31T22:23:16.668055,pedidos,strong,8.245229721069336,True,
2025-07-31T22:23:16.876814,pedidos,strong,8.17108154296875,True,
2025-07-31T22:23:17.086851,pedidos,strong,9.54127311706543,True,
2025-07-31T22:23:17.292631,pedidos,strong,5.373477935791016,True,
2025-07-31T22:23:17.499371,pedidos,strong,6.22868537902832,True,
2025-07-31T22:23:17.707123,pedidos,strong,7.272481918334961,True,
2025-07-31T22:23:17.912672,pedidos,strong,5.135536193847656,True,
2025-07-31T22:23:18.121196,pedidos,strong,7.943391799926758,True,
2025-07-31T22:23:18.330362,pedidos,strong,8.584737777709961,True,
2025-07-31T22:23:18.539306,pedidos,strong,8.357763290405273,True,
2025-07-31T22:23:18.749252,pedidos,strong,9.374856948852539,True,
2025-07-31T22:23:18.956202,pedidos,strong,6.405830383300781,True,
2025-07-31T22:23:19.165085,pedidos,strong,8.477449417114258,True,
2025-07-31T22:23:19.372342,pedidos,strong,6.927251815795898,True,
2025-07-31T22:23:19.578327,pedidos,strong,5.579471588134766,True,
2025-07-31T22:23:19.786424,pedidos,strong,7.602930068969727,True,
2025-07-31T22:23:19.993810,pedidos,strong,7.0667266845703125,True,
2025-07-31T22:23:20.203725,pedidos,strong,9.419918060302734,True,
2025-07-31T22:23:20.414589,pedidos,strong,10.345935821533203,True,
2025-07-31T22:23:20.623050,pedidos,strong,7.959127426147461,True,
2025-07-31T22:23:20.828598,pedidos,strong,5.08880615234375,True,
2025-07-31T22:23:21.034554,pedidos,strong,5.631446838378906,True,
2025-07-31T22:23:21.241064,pedidos,strong,6.095170974731445,True,
2025-07-31T22:23:21.451996,pedidos,strong,10.340452194213867,True,
2025-07-31T22:23:21.657140,pedidos,strong,4.757881164550781,True,
2025-07-31T22:23:21.868083,pedidos,strong,10.353326797485352,True,
2025-07-31T22:23:22.077299,pedidos,strong,8.70203971862793,True,
2025-07-31T22:23:22.282780,pedidos,strong,5.008459091186523,True,
2025-07-31T22:23:22.489277,pedidos,strong,6.114721298217773,True,
2025-07-31T22:23:22.694518,pedidos,strong,4.853487014770508,True,
2025-07-31T22:23:22.905618,pedidos,strong,10.457992553710938,True,
2025-07-31T22:23:23.115157,pedidos,strong,9.02414321899414,True,
2025-07-31T22:23:23.324025,pedidos,strong,8.403301239013672,True,
2025-07-31T22:23:23.528790,pedidos,strong,4.343986511230469,True,
2025-07-31T22:23:23.734119,pedidos,strong,4.933834075927734,True,
2025-07-31T22:23:23.945020,pedidos,strong,10.359764099121094,True,
2025-07-31T22:23:24.151556,pedidos,strong,5.978822708129883,True,
2025-07-31T22:23:24.357531,pedidos,strong,5.58924674987793,True,
2025-07-31T22:23:24.563061,pedidos,strong,5.176067352294922,True,
2025-07-31T22:23:24.770346,pedidos,strong,6.704568862915039,True,
2025-07-31T22:23:24.979511,pedidos,strong,8.691072463989258,True,
2025-07-31T22:23:25.188373,pedidos,strong,8.287191390991211,True,
2025-07-31T22:23:25.398394,pedidos,strong,9.43446159362793,True,
2025-07-31T22:23:25.604143,pedidos,strong,5.344867706298828,True,
2025-07-31T22:23:25.811267,pedidos,strong,6.726264953613281,True,
2025-07-31T22:23:26.015913,pedidos,strong,4.1675567626953125,True,
2025-07-31T22:23:26.223254,pedidos,strong,6.819009780883789,True,
2025-07-31T22:23:26.429351,pedidos,strong,5.728721618652344,True,
2025-07-31T22:23:26.640154,pedidos,strong,10.205507278442383,True,
2025-07-31T22:23:26.851958,pedidos,strong,11.079072952270508,True,
2025-07-31T22:23:27.058834,pedidos,strong,6.325721740722656,True,
2025-07-31T22:23:27.269785,pedidos,strong,10.376453399658203,True,
2025-07-31T22:23:27.478910,pedidos,strong,8.641719818115234,True,
2025-07-31T22:23:27.687429,pedidos,strong,8.027791976928711,True,
2025-07-31T22:23:27.897866,pedidos,strong,9.939193725585938,True,
2025-07-31T22:23:28.107142,pedidos,strong,8.697986602783203,True,
2025-07-31T22:23:28.312291,pedidos,strong,4.689216613769531,True,
2025-07-31T22:23:28.522609,pedidos,strong,9.73200798034668,True,
2025-07-31T22:23:28.730533,pedidos,strong,7.392644882202148,True,
2025-07-31T22:23:28.936186,pedidos,strong,5.321979522705078,True,
2025-07-31T22:23:29.142059,pedidos,strong,5.670070648193359,True,
2025-07-31T22:23:29.349212,pedidos,strong,6.584405899047852,True,
2025-07-31T22:23:29.555317,pedidos,strong,5.61976432800293,True,
2025-07-31T22:23:29.762011,pedidos,strong,6.206989288330078,True,
2025-07-31T22:23:29.970074,pedidos,strong,7.720232009887695,True,
2025-07-31T22:23:30.175434,pedidos,strong,4.942178726196289,True,
2025-07-31T22:23:30.386884,pedidos,strong,10.858774185180664,True,
2025-07-31T22:23:30.595916,pedidos,strong,8.44717025756836,True,
2025-07-31T22:23:30.801478,pedidos,strong,5.240440368652344,True,
2025-07-31T22:23:31.008252,pedidos,strong,6.474733352661133,True,
2025-07-31T22:23:31.213522,pedidos,strong,4.975080490112305,True,
2025-07-31T22:23:31.424858,pedidos,strong,10.763168334960938,True,
2025-07-31T22:23:31.635778,pedidos,strong,10.362863540649414,True,
2025-07-31T22:23:31.846518,pedidos,strong,10.131597518920898,True,
2025-07-31T22:23:32.054117,pedidos,strong,7.110357284545898,True,
2025-07-31T22:23:32.260304,pedidos,strong,5.787372589111328,True,
2025-07-31T22:23:32.465950,pedidos,strong,5.3253173828125,True,
2025-07-31T22:23:32.674565,pedidos,strong,8.086681365966797,True,
2025-07-31T22:23:32.880672,pedidos,strong,5.787134170532227,True,
2025-07-31T22:23:33.085849,pedidos,strong,4.757881164550781,True,
2025-07-31T22:23:33.294279,pedidos,strong,7.864236831665039,True,
2025-07-31T22:23:33.502360,pedidos,strong,7.603883743286133,True,
2025-07-31T22:23:33.713047,pedidos,strong,10.014057159423828,True,
2025-07-31T22:23:33.922966,pedidos,strong,9.336709976196289,True,
2025-07-31T22:23:34.134526,pedidos,strong,10.967493057250977,True,
2025-07-31T22:23:34.340225,pedidos,strong,5.397796630859375,True,
2025-07-31T22:23:34.548309,pedidos,strong,7.627010345458984,True,
2025-07-31T22:23:34.755571,pedidos,strong,6.811618804931641,True,
2025-07-31T22:23:34.961552,pedidos,strong,5.385398864746094,True,
2025-07-31T22:23:35.167796,pedidos,strong,5.713224411010742,True,
2025-07-31T22:23:35.376521,pedidos,strong,8.222579956054688,True,
2025-07-31T22:23:35.584380,pedidos,strong,7.194280624389648,True,
2025-07-31T22:23:35.792920,pedidos,strong,8.027791976928711,True,
2025-07-31T22:23:36.001068,pedidos,strong,7.637739181518555,True,
2025-07-31T22:23:36.209336,pedidos,strong,7.669210433959961,True,
2025-07-31T22:23:36.419668,pedidos,strong,9.769678115844727,True,
2025-07-31T22:23:36.629541,pedidos,strong,9.308099746704102,True,
2025-07-31T22:23:36.838242,pedidos,strong,8.237600326538086,True,
2025-07-31T22:23:37.046728,pedidos,strong,7.988691329956055,True,
2025-07-31T22:23:37.252945,pedidos,strong,5.906820297241211,True,
2025-07-31T22:23:37.464924,pedidos,strong,11.240243911743164,True,
2025-07-31T22:23:37.672802,pedidos,strong,7.550716400146484,True,
2025-07-31T22:23:37.884067,pedidos,strong,10.757207870483398,True,
2025-07-31T22:23:38.095121,pedidos,strong,10.562658309936523,True,
2025-07-31T22:23:38.303358,pedidos,strong,7.727622985839844,True,
2025-07-31T22:23:38.512959,pedidos,strong,9.016752243041992,True,
2025-07-31T22:23:38.719105,pedidos,strong,5.771160125732422,True,
2025-07-31T22:23:38.926533,pedidos,strong,6.911277770996094,True,
2025-07-31T22:23:39.137931,pedidos,strong,10.894060134887695,True,
2025-07-31T22:23:39.344846,pedidos,strong,6.544828414916992,True,
2025-07-31T22:23:39.552670,pedidos,strong,7.330179214477539,True,
2025-07-31T22:23:39.760788,pedidos,strong,7.638454437255859,True,
2025-07-31T22:23:39.970997,pedidos,strong,9.690046310424805,True,
2025-07-31T22:23:40.179710,pedidos,strong,8.20016860961914,True,
2025-07-31T22:23:40.388051,pedidos,strong,7.762670516967773,True,
2025-07-31T22:23:40.597096,pedidos,strong,8.474111557006836,True,
2025-07-31T22:23:40.803008,pedidos,strong,5.603551864624023,True,
2025-07-31T22:23:41.011079,pedidos,strong,7.728338241577148,True,
2025-07-31T22:23:41.216050,pedidos,strong,4.616975784301758,True,
2025-07-31T22:23:41.421774,pedidos,strong,5.413532257080078,True,
2025-07-31T22:23:41.632131,pedidos,strong,9.777069091796875,True,
2025-07-31T22:23:41.842134,pedidos,strong,9.48476791381836,True,
2025-07-31T22:23:42.049577,pedidos,strong,6.8836212158203125,True,
2025-07-31T22:23:42.261118,pedidos,strong,10.970115661621094,True,
2025-07-31T22:23:42.467315,pedidos,strong,5.882024765014648,True,
2025-07-31T22:23:42.672124,pedidos,strong,4.386425018310547,True,
2025-07-31T22:23:42.877048,pedidos,strong,4.598140716552734,True,
2025-07-31T22:23:43.086345,pedidos,strong,8.747100830078125,True,
2025-07-31T22:23:43.297319,pedidos,strong,10.426044464111328,True,
2025-07-31T22:23:43.505289,pedidos,strong,7.489681243896484,True,
2025-07-31T22:23:43.710870,pedidos,strong,5.184412002563477,True,
2025-07-31T22:23:43.918321,pedidos,strong,6.928205490112305,True,
2025-07-31T22:23:44.123906,pedidos,strong,5.206108093261719,True,
2025-07-31T22:23:44.329647,pedidos,strong,5.266427993774414,True,
2025-07-31T22:23:44.535060,pedidos,strong,5.029916763305664,True,
2025-07-31T22:23:44.741587,pedidos,strong,6.105661392211914,True,
2025-07-31T22:23:44.951173,pedidos,strong,9.091377258300781,True,
2025-07-31T22:23:45.161458,pedidos,strong,9.715557098388672,True,
2025-07-31T22:23:45.369504,pedidos,strong,7.5283050537109375,True,
2025-07-31T22:23:45.574574,pedidos,strong,4.660129547119141,True,
2025-07-31T22:23:45.781803,pedidos,strong,6.859779357910156,True,
2025-07-31T22:23:45.992139,pedidos,strong,9.840250015258789,True,
2025-07-31T22:23:46.202012,pedidos,strong,9.36746597290039,True,
2025-07-31T22:23:46.411925,pedidos,strong,9.313106536865234,True,
2025-07-31T22:23:46.621319,pedidos,strong,8.803129196166992,True,
2025-07-31T22:23:46.828834,pedidos,strong,6.93511962890625,True,
2025-07-31T22:23:47.037738,pedidos,strong,8.319616317749023,True,
2025-07-31T22:23:47.242951,pedidos,strong,4.655361175537109,True,
2025-07-31T22:23:47.452053,pedidos,strong,8.426189422607422,True,
2025-07-31T22:23:47.662292,pedidos,strong,9.637832641601562,True,
2025-07-31T22:23:47.868920,pedidos,strong,6.290197372436523,True,
2025-07-31T22:23:48.073631,pedidos,strong,4.342079162597656,True,
2025-07-31T22:23:48.282821,pedidos,strong,8.742332458496094,True,
2025-07-31T22:23:48.492576,pedidos,strong,9.179830551147461,True,
2025-07-31T22:23:48.701575,pedidos,strong,8.415699005126953,True,
2025-07-31T22:23:48.913083,pedidos,strong,10.773658752441406,True,
2025-07-31T22:23:49.123893,pedidos,strong,10.255098342895508,True,
2025-07-31T22:23:49.329593,pedidos,strong,5.274057388305664,True,
2025-07-31T22:23:49.540807,pedidos,strong,10.631561279296875,True,
2025-07-31T22:23:49.747820,pedidos,strong,6.566524505615234,True,
2025-07-31T22:23:49.957787,pedidos,strong,9.467124938964844,True,
2025-07-31T22:23:50.162853,pedidos,strong,4.794836044311523,True,
2025-07-31T22:23:50.370999,pedidos,strong,7.600069046020508,True,
2025-07-31T22:23:50.579037,pedidos,strong,7.456302642822266,True,
2025-07-31T22:23:50.787525,pedidos,strong,7.905721664428711,True,
2025-07-31T22:23:50.994785,pedidos,strong,6.937742233276367,True,
