timestamp,service,consistency,latency_ms,success,error_message,conflict_detected
2025-08-30T03:23:21.719494,pagamentos,strong,1674.7987270355225,False,"HTTPConnectionPool(host='proxy', port=5000): Max retries exceeded with url: /write (Caused by NameResolutionError(""<urllib3.connection.HTTPConnection object at 0x7fc1d26d5be0>: Failed to resolve 'proxy' ([Errno -2] Name or service not known)""))",False
2025-08-30T03:23:22.877464,pagamentos,strong,1052.626371383667,False,503 Server Error: SERVICE UNAVAILABLE for url: http://proxy:5000/write,False
2025-08-30T03:23:24.031455,pagamentos,strong,1048.201560974121,False,503 Server Error: SERVICE UNAVAILABLE for url: http://proxy:5000/write,False
2025-08-30T03:23:25.154757,pagamentos,strong,1018.0091857910156,False,503 Server Error: SERVICE UNAVAILABLE for url: http://proxy:5000/write,False
2025-08-30T03:23:26.342341,pagamentos,strong,1072.5553035736084,False,503 Server Error: SERVICE UNAVAILABLE for url: http://proxy:5000/write,False
2025-08-30T03:23:27.390762,pagamentos,strong,943.2258605957031,True,,False
2025-08-30T03:23:27.504426,pagamentos,strong,7.357120513916016,True,,False
2025-08-30T03:23:27.621434,pagamentos,strong,9.695291519165039,True,,False
2025-08-30T03:23:27.735136,pagamentos,strong,7.445096969604492,True,,False
2025-08-30T03:23:27.851496,pagamentos,strong,6.717681884765625,True,,False
2025-08-30T03:23:27.963921,pagamentos,strong,6.460666656494141,True,,False
2025-08-30T03:23:28.075946,pagamentos,strong,6.679296493530273,True,,False
2025-08-30T03:23:28.193368,pagamentos,strong,8.522748947143555,True,,False
2025-08-30T03:23:28.309419,pagamentos,strong,8.866310119628906,True,,False
2025-08-30T03:23:28.437718,pagamentos,strong,9.33837890625,True,,False
2025-08-30T03:23:28.586180,pagamentos,strong,25.889873504638672,True,,False
2025-08-30T03:23:28.736108,pagamentos,strong,35.05396842956543,True,,False
2025-08-30T03:23:28.857638,pagamentos,strong,12.002229690551758,True,,False
2025-08-30T03:23:28.974807,pagamentos,strong,9.121894836425781,True,,False
2025-08-30T03:23:29.093105,pagamentos,strong,10.294675827026367,True,,False
2025-08-30T03:23:29.205196,pagamentos,strong,6.430864334106445,True,,False
2025-08-30T03:23:29.315842,pagamentos,strong,5.423784255981445,True,,False
2025-08-30T03:23:29.428244,pagamentos,strong,6.0825347900390625,True,,False
2025-08-30T03:23:29.544832,pagamentos,strong,9.940624237060547,True,,False
2025-08-30T03:23:29.662495,pagamentos,strong,11.322736740112305,True,,False
2025-08-30T03:23:29.777900,pagamentos,strong,9.380817413330078,True,,False
2025-08-30T03:23:29.894471,pagamentos,strong,9.731531143188477,True,,False
2025-08-30T03:23:30.011352,pagamentos,strong,9.510040283203125,True,,False
2025-08-30T03:23:30.126691,pagamentos,strong,7.477283477783203,True,,False
2025-08-30T03:23:30.241024,pagamentos,strong,6.79779052734375,True,,False
2025-08-30T03:23:30.356424,pagamentos,strong,7.909536361694336,True,,False
2025-08-30T03:23:30.478480,pagamentos,strong,9.423971176147461,True,,False
2025-08-30T03:23:30.592027,pagamentos,strong,7.32111930847168,True,,False
2025-08-30T03:23:30.725797,pagamentos,strong,8.279561996459961,True,,False
2025-08-30T03:23:30.842344,pagamentos,strong,8.733749389648438,True,,False
2025-08-30T03:23:30.981694,pagamentos,strong,27.93741226196289,True,,False
2025-08-30T03:23:31.104982,pagamentos,strong,14.730691909790039,True,,False
2025-08-30T03:23:31.230384,pagamentos,strong,17.463207244873047,True,,False
2025-08-30T03:23:31.348271,pagamentos,strong,10.384559631347656,True,,False
2025-08-30T03:23:31.492103,pagamentos,strong,24.17302131652832,True,,False
2025-08-30T03:23:31.642156,pagamentos,strong,31.70490264892578,True,,False
2025-08-30T03:23:31.780489,pagamentos,strong,23.90146255493164,True,,False
2025-08-30T03:23:31.891904,pagamentos,strong,6.232023239135742,True,,False
2025-08-30T03:23:32.005452,pagamentos,strong,6.9732666015625,True,,False
2025-08-30T03:23:32.115844,pagamentos,strong,5.301713943481445,True,,False
2025-08-30T03:23:32.226710,pagamentos,strong,5.596399307250977,True,,False
2025-08-30T03:23:32.337511,pagamentos,strong,5.431175231933594,True,,False
2025-08-30T03:23:32.448688,pagamentos,strong,5.831718444824219,True,,False
2025-08-30T03:23:32.559359,pagamentos,strong,5.687236785888672,True,,False
2025-08-30T03:23:32.670999,pagamentos,strong,6.026029586791992,True,,False
2025-08-30T03:23:32.781359,pagamentos,strong,5.389213562011719,True,,False
2025-08-30T03:23:32.892419,pagamentos,strong,6.017446517944336,True,,False
2025-08-30T03:23:33.002801,pagamentos,strong,5.304098129272461,True,,False
2025-08-30T03:23:33.113836,pagamentos,strong,5.837202072143555,True,,False
2025-08-30T03:23:33.224706,pagamentos,strong,5.573272705078125,True,,False
2025-08-30T03:23:33.335157,pagamentos,strong,5.194664001464844,True,,False
2025-08-30T03:23:33.447058,pagamentos,strong,6.0882568359375,True,,False
2025-08-30T03:23:33.568981,pagamentos,strong,5.4454803466796875,True,,False
2025-08-30T03:23:33.719217,pagamentos,strong,18.26310157775879,True,,False
2025-08-30T03:23:33.861935,pagamentos,strong,20.672082901000977,True,,False
2025-08-30T03:23:34.007039,pagamentos,strong,19.954919815063477,True,,False
2025-08-30T03:23:34.129517,pagamentos,strong,11.99650764465332,True,,False
2025-08-30T03:23:34.244409,pagamentos,strong,7.256507873535156,True,,False
2025-08-30T03:23:34.359377,pagamentos,strong,7.189512252807617,True,,False
2025-08-30T03:23:34.471576,pagamentos,strong,6.188154220581055,True,,False
2025-08-30T03:23:34.584105,pagamentos,strong,6.365060806274414,True,,False
2025-08-30T03:23:34.695169,pagamentos,strong,5.306482315063477,True,,False
2025-08-30T03:23:34.807673,pagamentos,strong,7.304668426513672,True,,False
2025-08-30T03:23:34.918594,pagamentos,strong,5.912542343139648,True,,False
2025-08-30T03:23:35.032409,pagamentos,strong,6.923913955688477,True,,False
2025-08-30T03:23:35.144585,pagamentos,strong,5.972862243652344,True,,False
2025-08-30T03:23:35.257210,pagamentos,strong,6.311893463134766,True,,False
2025-08-30T03:23:35.369192,pagamentos,strong,6.734609603881836,True,,False
2025-08-30T03:23:35.482358,pagamentos,strong,7.525444030761719,True,,False
2025-08-30T03:23:35.595623,pagamentos,strong,7.38215446472168,True,,False
2025-08-30T03:23:35.708264,pagamentos,strong,7.174253463745117,True,,False
2025-08-30T03:23:35.820576,pagamentos,strong,6.803750991821289,True,,False
2025-08-30T03:23:35.933175,pagamentos,strong,7.360696792602539,True,,False
2025-08-30T03:23:36.046542,pagamentos,strong,7.591009140014648,True,,False
2025-08-30T03:23:36.160922,pagamentos,strong,7.670879364013672,True,,False
2025-08-30T03:23:36.275217,pagamentos,strong,6.763935089111328,True,,False
2025-08-30T03:23:36.389490,pagamentos,strong,7.036447525024414,True,,False
2025-08-30T03:23:36.502631,pagamentos,strong,6.353139877319336,True,,False
2025-08-30T03:23:36.617300,pagamentos,strong,7.53021240234375,True,,False
2025-08-30T03:23:36.731384,pagamentos,strong,7.107019424438477,True,,False
2025-08-30T03:23:36.844353,pagamentos,strong,6.035327911376953,True,,False
2025-08-30T03:23:36.957900,pagamentos,strong,7.134675979614258,True,,False
2025-08-30T03:23:37.071239,pagamentos,strong,6.171464920043945,True,,False
2025-08-30T03:23:37.191165,pagamentos,strong,10.213136672973633,True,,False
2025-08-30T03:23:37.308227,pagamentos,strong,9.735822677612305,True,,False
2025-08-30T03:23:37.423534,pagamentos,strong,8.111953735351562,True,,False
2025-08-30T03:23:37.539242,pagamentos,strong,6.802797317504883,True,,False
2025-08-30T03:23:37.653021,pagamentos,strong,6.428956985473633,True,,False
2025-08-30T03:23:37.787315,pagamentos,strong,5.66864013671875,True,,False
2025-08-30T03:23:37.940402,pagamentos,strong,17.530202865600586,True,,False
2025-08-30T03:23:38.070001,pagamentos,strong,12.445449829101562,True,,False
2025-08-30T03:23:38.201824,pagamentos,strong,14.612197875976562,True,,False
2025-08-30T03:23:38.326592,pagamentos,strong,7.6389312744140625,True,,False
2025-08-30T03:23:38.446542,pagamentos,strong,10.716915130615234,True,,False
2025-08-30T03:23:38.580441,pagamentos,strong,8.860111236572266,True,,False
2025-08-30T03:23:38.709675,pagamentos,strong,19.285917282104492,True,,False
2025-08-30T03:23:38.823060,pagamentos,strong,6.782054901123047,True,,False
2025-08-30T03:23:38.937654,pagamentos,strong,8.826732635498047,True,,False
2025-08-30T03:23:39.054452,pagamentos,strong,8.578062057495117,True,,False
2025-08-30T03:23:39.167612,pagamentos,strong,6.168603897094727,True,,False
2025-08-30T03:23:39.312041,pagamentos,strong,28.856515884399414,True,,False
2025-08-30T03:23:39.432937,pagamentos,strong,12.675285339355469,True,,False
2025-08-30T03:23:39.547927,pagamentos,strong,8.582592010498047,True,,False
2025-08-30T03:23:39.663351,pagamentos,strong,8.149862289428711,True,,False
2025-08-30T03:23:39.775532,pagamentos,strong,6.4449310302734375,True,,False
2025-08-30T03:23:39.886608,pagamentos,strong,5.501508712768555,True,,False
2025-08-30T03:23:39.999575,pagamentos,strong,7.158756256103516,True,,False
2025-08-30T03:23:40.143483,pagamentos,strong,37.288665771484375,True,,False
2025-08-30T03:23:40.256896,pagamentos,strong,5.861759185791016,True,,False
2025-08-30T03:23:40.371558,pagamentos,strong,6.83903694152832,True,,False
2025-08-30T03:23:40.485843,pagamentos,strong,6.981134414672852,True,,False
2025-08-30T03:23:40.597252,pagamentos,strong,5.427837371826172,True,,False
2025-08-30T03:23:40.748421,pagamentos,strong,31.91208839416504,True,,False
2025-08-30T03:23:40.858667,pagamentos,strong,5.100727081298828,True,,False
2025-08-30T03:23:40.975991,pagamentos,strong,7.797002792358398,True,,False
2025-08-30T03:23:41.207666,pagamentos,strong,113.20328712463379,True,,False
2025-08-30T03:23:41.325210,pagamentos,strong,10.034561157226562,True,,False
2025-08-30T03:23:41.441449,pagamentos,strong,10.683298110961914,True,,False
2025-08-30T03:23:41.552551,pagamentos,strong,5.766153335571289,True,,False
2025-08-30T03:23:41.663843,pagamentos,strong,6.163597106933594,True,,False
2025-08-30T03:23:41.774742,pagamentos,strong,5.930185317993164,True,,False
2025-08-30T03:23:41.885810,pagamentos,strong,5.451202392578125,True,,False
2025-08-30T03:23:41.997179,pagamentos,strong,5.945920944213867,True,,False
2025-08-30T03:23:42.109795,pagamentos,strong,6.901741027832031,True,,False
2025-08-30T03:23:42.223875,pagamentos,strong,7.279634475708008,True,,False
2025-08-30T03:23:42.335148,pagamentos,strong,6.076812744140625,True,,False
2025-08-30T03:23:42.446656,pagamentos,strong,5.444765090942383,True,,False
2025-08-30T03:23:42.576794,pagamentos,strong,17.043113708496094,True,,False
2025-08-30T03:23:42.719831,pagamentos,strong,26.36122703552246,True,,False
2025-08-30T03:23:42.841512,pagamentos,strong,15.041589736938477,True,,False
2025-08-30T03:23:42.977455,pagamentos,strong,19.8361873626709,True,,False
2025-08-30T03:23:43.095239,pagamentos,strong,12.48311996459961,True,,False
2025-08-30T03:23:43.209448,pagamentos,strong,8.024930953979492,True,,False
2025-08-30T03:23:43.323229,pagamentos,strong,6.966114044189453,True,,False
2025-08-30T03:23:43.435300,pagamentos,strong,5.797386169433594,True,,False
2025-08-30T03:23:43.573474,pagamentos,strong,20.644426345825195,True,,False
2025-08-30T03:23:43.687496,pagamentos,strong,8.710145950317383,True,,False
2025-08-30T03:23:43.799673,pagamentos,strong,7.31658935546875,True,,False
2025-08-30T03:23:43.910708,pagamentos,strong,5.502462387084961,True,,False
2025-08-30T03:23:44.021343,pagamentos,strong,5.419015884399414,True,,False
2025-08-30T03:23:44.136676,pagamentos,strong,8.658170700073242,True,,False
2025-08-30T03:23:44.252372,pagamentos,strong,7.352590560913086,True,,False
2025-08-30T03:23:44.363976,pagamentos,strong,5.74803352355957,True,,False
2025-08-30T03:23:44.498001,pagamentos,strong,13.811826705932617,True,,False
2025-08-30T03:23:44.628998,pagamentos,strong,14.689207077026367,True,,False
2025-08-30T03:23:44.762532,pagamentos,strong,19.214153289794922,True,,False
2025-08-30T03:23:44.902341,pagamentos,strong,17.925262451171875,True,,False
2025-08-30T03:23:45.043823,pagamentos,strong,13.17739486694336,True,,False
2025-08-30T03:23:45.172521,pagamentos,strong,12.753009796142578,True,,False
2025-08-30T03:23:45.293327,pagamentos,strong,8.358001708984375,True,,False
2025-08-30T03:23:45.409847,pagamentos,strong,7.838964462280273,True,,False
2025-08-30T03:23:45.525633,pagamentos,strong,8.50677490234375,True,,False
2025-08-30T03:23:45.639776,pagamentos,strong,6.317138671875,True,,False
2025-08-30T03:23:45.753476,pagamentos,strong,6.792783737182617,True,,False
2025-08-30T03:23:45.867685,pagamentos,strong,8.097171783447266,True,,False
2025-08-30T03:23:45.980763,pagamentos,strong,6.849765777587891,True,,False
2025-08-30T03:23:46.093358,pagamentos,strong,6.570577621459961,True,,False
2025-08-30T03:23:46.205167,pagamentos,strong,5.907535552978516,True,,False
2025-08-30T03:23:46.316873,pagamentos,strong,6.536722183227539,True,,False
2025-08-30T03:23:46.430144,pagamentos,strong,6.992578506469727,True,,False
2025-08-30T03:23:46.543787,pagamentos,strong,7.510185241699219,True,,False
2025-08-30T03:23:46.655984,pagamentos,strong,6.446361541748047,True,,False
2025-08-30T03:23:46.770122,pagamentos,strong,8.956432342529297,True,,False
2025-08-30T03:23:46.884511,pagamentos,strong,9.08803939819336,True,,False
2025-08-30T03:23:46.998642,pagamentos,strong,8.038520812988281,True,,False
2025-08-30T03:23:47.119060,pagamentos,strong,14.545202255249023,True,,False
2025-08-30T03:23:47.234631,pagamentos,strong,10.308265686035156,True,,False
2025-08-30T03:23:47.349872,pagamentos,strong,7.831573486328125,True,,False
2025-08-30T03:23:47.467694,pagamentos,strong,7.868051528930664,True,,False
2025-08-30T03:23:47.585640,pagamentos,strong,8.454322814941406,True,,False
2025-08-30T03:23:47.698653,pagamentos,strong,7.369279861450195,True,,False
2025-08-30T03:23:47.843172,pagamentos,strong,18.59903335571289,True,,False
2025-08-30T03:23:47.981024,pagamentos,strong,17.288684844970703,True,,False
2025-08-30T03:23:48.101204,pagamentos,strong,10.734081268310547,True,,False
2025-08-30T03:23:48.243748,pagamentos,strong,9.962797164916992,True,,False
2025-08-30T03:23:48.393263,pagamentos,strong,19.62137222290039,True,,False
2025-08-30T03:23:48.504130,pagamentos,strong,5.2433013916015625,True,,False
2025-08-30T03:23:48.630496,pagamentos,strong,7.889747619628906,True,,False
2025-08-30T03:23:48.745438,pagamentos,strong,8.118152618408203,True,,False
2025-08-30T03:23:48.860612,pagamentos,strong,7.325410842895508,True,,False
2025-08-30T03:23:48.977500,pagamentos,strong,9.0179443359375,True,,False
2025-08-30T03:23:49.097407,pagamentos,strong,10.792016983032227,True,,False
2025-08-30T03:23:49.217598,pagamentos,strong,8.515357971191406,True,,False
2025-08-30T03:23:49.354953,pagamentos,strong,9.409666061401367,True,,False
2025-08-30T03:23:49.473658,pagamentos,strong,9.9945068359375,True,,False
2025-08-30T03:23:49.593383,pagamentos,strong,10.353565216064453,True,,False
2025-08-30T03:23:49.714091,pagamentos,strong,8.111000061035156,True,,False
2025-08-30T03:23:49.830563,pagamentos,strong,9.209394454956055,True,,False
2025-08-30T03:23:49.945318,pagamentos,strong,7.434368133544922,True,,False
2025-08-30T03:23:50.059248,pagamentos,strong,7.327556610107422,True,,False
2025-08-30T03:23:50.177465,pagamentos,strong,10.053157806396484,True,,False
2025-08-30T03:23:50.293056,pagamentos,strong,7.217645645141602,True,,False
2025-08-30T03:23:50.412432,pagamentos,strong,8.571386337280273,True,,False
2025-08-30T03:23:50.524718,pagamentos,strong,5.807638168334961,True,,False
2025-08-30T03:23:50.659520,pagamentos,strong,7.816076278686523,True,,False
2025-08-30T03:23:50.773564,pagamentos,strong,7.014274597167969,True,,False
2025-08-30T03:23:50.885188,pagamentos,strong,6.051778793334961,True,,False
2025-08-30T03:23:50.998401,pagamentos,strong,7.582902908325195,True,,False
2025-08-30T03:23:51.111202,pagamentos,strong,6.756305694580078,True,,False
2025-08-30T03:23:51.233123,pagamentos,strong,8.477449417114258,True,,False
2025-08-30T03:23:51.351034,pagamentos,strong,6.984233856201172,True,,False
2025-08-30T03:23:51.461484,pagamentos,strong,5.8689117431640625,True,,False
2025-08-30T03:23:51.601967,pagamentos,strong,6.660223007202148,True,,False
2025-08-30T03:23:51.714331,pagamentos,strong,5.343914031982422,True,,False
2025-08-30T03:23:51.827912,pagamentos,strong,7.393598556518555,True,,False
2025-08-30T03:23:51.943686,pagamentos,strong,9.107351303100586,True,,False
2025-08-30T03:23:52.056397,pagamentos,strong,5.659818649291992,True,,False
2025-08-30T03:23:52.167263,pagamentos,strong,5.586385726928711,True,,False
2025-08-30T03:23:52.281056,pagamentos,strong,6.330728530883789,True,,False
2025-08-30T03:23:52.391234,pagamentos,strong,5.356311798095703,True,,False
2025-08-30T03:23:52.501762,pagamentos,strong,5.487680435180664,True,,False
2025-08-30T03:23:52.613712,pagamentos,strong,5.92494010925293,True,,False
2025-08-30T03:23:52.725663,pagamentos,strong,6.021261215209961,True,,False
2025-08-30T03:23:52.835499,pagamentos,strong,5.078792572021484,True,,False
2025-08-30T03:23:52.947133,pagamentos,strong,6.02412223815918,True,,False
2025-08-30T03:23:53.058290,pagamentos,strong,5.670785903930664,True,,False
2025-08-30T03:23:53.169060,pagamentos,strong,5.470991134643555,True,,False
2025-08-30T03:23:53.282339,pagamentos,strong,6.050825119018555,True,,False
2025-08-30T03:23:53.395776,pagamentos,strong,6.232261657714844,True,,False
2025-08-30T03:23:53.505959,pagamentos,strong,5.244970321655273,True,,False
2025-08-30T03:23:53.617580,pagamentos,strong,6.282329559326172,True,,False
2025-08-30T03:23:53.736679,pagamentos,strong,7.571697235107422,True,,False
2025-08-30T03:23:53.872128,pagamentos,strong,14.665365219116211,True,,False
2025-08-30T03:23:53.999236,pagamentos,strong,9.724855422973633,True,,False
2025-08-30T03:23:54.114831,pagamentos,strong,5.717992782592773,True,,False
2025-08-30T03:23:54.226236,pagamentos,strong,6.1473846435546875,True,,False
2025-08-30T03:23:54.340689,pagamentos,strong,7.490873336791992,True,,False
2025-08-30T03:23:54.490833,pagamentos,strong,41.68224334716797,True,,False
2025-08-30T03:23:54.604680,pagamentos,strong,7.012605667114258,True,,False
2025-08-30T03:23:54.724615,pagamentos,strong,12.016534805297852,True,,False
2025-08-30T03:23:54.835795,pagamentos,strong,6.635427474975586,True,,False
2025-08-30T03:23:54.948016,pagamentos,strong,7.119417190551758,True,,False
2025-08-30T03:23:55.060337,pagamentos,strong,7.037639617919922,True,,False
2025-08-30T03:23:55.171760,pagamentos,strong,6.53076171875,True,,False
2025-08-30T03:23:55.285155,pagamentos,strong,8.17251205444336,True,,False
2025-08-30T03:23:55.407794,pagamentos,strong,13.05699348449707,True,,False
2025-08-30T03:23:55.523626,pagamentos,strong,9.999513626098633,True,,False
2025-08-30T03:23:55.642565,pagamentos,strong,9.181737899780273,True,,False
2025-08-30T03:23:55.762974,pagamentos,strong,12.10474967956543,True,,False
2025-08-30T03:23:55.881518,pagamentos,strong,9.60087776184082,True,,False
2025-08-30T03:23:55.999393,pagamentos,strong,11.79957389831543,True,,False
2025-08-30T03:23:56.116833,pagamentos,strong,10.087013244628906,True,,False
2025-08-30T03:23:56.235357,pagamentos,strong,10.965108871459961,True,,False
2025-08-30T03:23:56.349556,pagamentos,strong,8.694887161254883,True,,False
2025-08-30T03:23:56.464263,pagamentos,strong,7.141351699829102,True,,False
2025-08-30T03:23:56.578683,pagamentos,strong,7.734775543212891,True,,False
2025-08-30T03:23:56.692149,pagamentos,strong,7.591009140014648,True,,False
2025-08-30T03:23:56.805207,pagamentos,strong,7.368803024291992,True,,False
2025-08-30T03:23:56.917355,pagamentos,strong,6.097316741943359,True,,False
2025-08-30T03:23:57.030054,pagamentos,strong,6.916046142578125,True,,False
2025-08-30T03:23:57.141616,pagamentos,strong,6.098747253417969,True,,False
2025-08-30T03:23:57.254354,pagamentos,strong,6.025791168212891,True,,False
2025-08-30T03:23:57.367328,pagamentos,strong,5.704641342163086,True,,False
2025-08-30T03:23:57.479987,pagamentos,strong,5.575418472290039,True,,False
2025-08-30T03:23:57.592715,pagamentos,strong,6.491661071777344,True,,False
2025-08-30T03:23:57.705904,pagamentos,strong,5.887031555175781,True,,False
2025-08-30T03:23:57.819578,pagamentos,strong,6.599664688110352,True,,False
2025-08-30T03:23:57.931991,pagamentos,strong,6.111383438110352,True,,False
2025-08-30T03:23:58.045331,pagamentos,strong,7.345438003540039,True,,False
2025-08-30T03:23:58.157423,pagamentos,strong,6.072282791137695,True,,False
2025-08-30T03:23:58.271279,pagamentos,strong,7.24482536315918,True,,False
2025-08-30T03:23:58.398704,pagamentos,strong,11.482954025268555,True,,False
2025-08-30T03:23:58.510481,pagamentos,strong,6.04248046875,True,,False
2025-08-30T03:23:58.621807,pagamentos,strong,5.86247444152832,True,,False
2025-08-30T03:23:58.733669,pagamentos,strong,6.163835525512695,True,,False
2025-08-30T03:23:58.846474,pagamentos,strong,6.90913200378418,True,,False
2025-08-30T03:23:58.959769,pagamentos,strong,6.85429573059082,True,,False
2025-08-30T03:23:59.071261,pagamentos,strong,6.30950927734375,True,,False
2025-08-30T03:23:59.183002,pagamentos,strong,5.997180938720703,True,,False
2025-08-30T03:23:59.297325,pagamentos,strong,7.359981536865234,True,,False
2025-08-30T03:23:59.412198,pagamentos,strong,7.632255554199219,True,,False
2025-08-30T03:23:59.523199,pagamentos,strong,5.616426467895508,True,,False
2025-08-30T03:23:59.636325,pagamentos,strong,6.704807281494141,True,,False
2025-08-30T03:23:59.748647,pagamentos,strong,6.456613540649414,True,,False
2025-08-30T03:23:59.893646,pagamentos,strong,36.100149154663086,True,,False
2025-08-30T03:24:00.005496,pagamentos,strong,6.652116775512695,True,,False
2025-08-30T03:24:00.117488,pagamentos,strong,5.97071647644043,True,,False
2025-08-30T03:24:00.229768,pagamentos,strong,6.488800048828125,True,,False
2025-08-30T03:24:00.342275,pagamentos,strong,6.886959075927734,True,,False
2025-08-30T03:24:00.466189,pagamentos,strong,8.112192153930664,True,,False
2025-08-30T03:24:00.579560,pagamentos,strong,6.977081298828125,True,,False
2025-08-30T03:24:00.690783,pagamentos,strong,5.898714065551758,True,,False
2025-08-30T03:24:00.801516,pagamentos,strong,5.608797073364258,True,,False
2025-08-30T03:24:00.913480,pagamentos,strong,6.258487701416016,True,,False
2025-08-30T03:24:01.027723,pagamentos,strong,8.165359497070312,True,,False
2025-08-30T03:24:01.139551,pagamentos,strong,6.189823150634766,True,,False
2025-08-30T03:24:01.251485,pagamentos,strong,6.331205368041992,True,,False
2025-08-30T03:24:01.364323,pagamentos,strong,6.44993782043457,True,,False
2025-08-30T03:24:01.476784,pagamentos,strong,6.589651107788086,True,,False
2025-08-30T03:24:01.587691,pagamentos,strong,6.154537200927734,True,,False
2025-08-30T03:24:01.702769,pagamentos,strong,6.655454635620117,True,,False
2025-08-30T03:24:01.820468,pagamentos,strong,8.942127227783203,True,,False
2025-08-30T03:24:01.934921,pagamentos,strong,7.385015487670898,True,,False
2025-08-30T03:24:02.076278,pagamentos,strong,16.287803649902344,True,,False
2025-08-30T03:24:02.196076,pagamentos,strong,10.526418685913086,True,,False
2025-08-30T03:24:02.310685,pagamentos,strong,6.05463981628418,True,,False
2025-08-30T03:24:02.427182,pagamentos,strong,10.059833526611328,True,,False
2025-08-30T03:24:02.544523,pagamentos,strong,7.43556022644043,True,,False
2025-08-30T03:24:02.661246,pagamentos,strong,10.789632797241211,True,,False
2025-08-30T03:24:02.779537,pagamentos,strong,11.350154876708984,True,,False
2025-08-30T03:24:02.910383,pagamentos,strong,12.4664306640625,True,,False
2025-08-30T03:24:03.040447,pagamentos,strong,15.884160995483398,True,,False
2025-08-30T03:24:03.152608,pagamentos,strong,6.3266754150390625,True,,False
2025-08-30T03:24:03.264818,pagamentos,strong,6.181955337524414,True,,False
2025-08-30T03:24:03.379482,pagamentos,strong,8.4381103515625,True,,False
2025-08-30T03:24:03.492916,pagamentos,strong,7.047414779663086,True,,False
2025-08-30T03:24:03.604012,pagamentos,strong,5.777835845947266,True,,False
2025-08-30T03:24:03.714989,pagamentos,strong,5.6362152099609375,True,,False
2025-08-30T03:24:03.825246,pagamentos,strong,5.127906799316406,True,,False
2025-08-30T03:24:03.935788,pagamentos,strong,5.489110946655273,True,,False
2025-08-30T03:24:04.047001,pagamentos,strong,5.727052688598633,True,,False
2025-08-30T03:24:04.157230,pagamentos,strong,5.18488883972168,True,,False
2025-08-30T03:24:04.267339,pagamentos,strong,5.199193954467773,True,,False
2025-08-30T03:24:04.379291,pagamentos,strong,6.577730178833008,True,,False
2025-08-30T03:24:04.490170,pagamentos,strong,5.480051040649414,True,,False
2025-08-30T03:24:04.600817,pagamentos,strong,5.548238754272461,True,,False
2025-08-30T03:24:04.712619,pagamentos,strong,6.181001663208008,True,,False
2025-08-30T03:24:04.825520,pagamentos,strong,6.174564361572266,True,,False
2025-08-30T03:24:04.936789,pagamentos,strong,6.066799163818359,True,,False
2025-08-30T03:24:05.048667,pagamentos,strong,6.218194961547852,True,,False
2025-08-30T03:24:05.180832,pagamentos,strong,17.543315887451172,True,,False
2025-08-30T03:24:05.291889,pagamentos,strong,5.626678466796875,True,,False
2025-08-30T03:24:05.411551,pagamentos,strong,10.679006576538086,True,,False
2025-08-30T03:24:05.525089,pagamentos,strong,8.177042007446289,True,,False
2025-08-30T03:24:05.636701,pagamentos,strong,5.609989166259766,True,,False
2025-08-30T03:24:05.749491,pagamentos,strong,7.340669631958008,True,,False
2025-08-30T03:24:05.861408,pagamentos,strong,6.418466567993164,True,,False
2025-08-30T03:24:05.973303,pagamentos,strong,6.405353546142578,True,,False
2025-08-30T03:24:06.086412,pagamentos,strong,7.732152938842773,True,,False
2025-08-30T03:24:06.216351,pagamentos,strong,19.09470558166504,True,,False
2025-08-30T03:24:06.327179,pagamentos,strong,5.600929260253906,True,,False
2025-08-30T03:24:06.437966,pagamentos,strong,5.3615570068359375,True,,False
2025-08-30T03:24:06.548548,pagamentos,strong,5.376100540161133,True,,False
2025-08-30T03:24:06.660006,pagamentos,strong,5.877256393432617,True,,False
2025-08-30T03:24:06.773892,pagamentos,strong,7.683992385864258,True,,False
2025-08-30T03:24:06.886192,pagamentos,strong,7.08317756652832,True,,False
2025-08-30T03:24:07.001444,pagamentos,strong,8.318185806274414,True,,False
2025-08-30T03:24:07.113575,pagamentos,strong,6.781101226806641,True,,False
2025-08-30T03:24:07.225679,pagamentos,strong,6.8607330322265625,True,,False
2025-08-30T03:24:07.337554,pagamentos,strong,6.0882568359375,True,,False
2025-08-30T03:24:07.449338,pagamentos,strong,6.49714469909668,True,,False
2025-08-30T03:24:07.561957,pagamentos,strong,7.249593734741211,True,,False
2025-08-30T03:24:07.674335,pagamentos,strong,6.618976593017578,True,,False
2025-08-30T03:24:07.786473,pagamentos,strong,6.4983367919921875,True,,False
2025-08-30T03:24:07.898410,pagamentos,strong,6.826639175415039,True,,False
2025-08-30T03:24:08.010101,pagamentos,strong,6.634235382080078,True,,False
2025-08-30T03:24:08.124640,pagamentos,strong,8.184432983398438,True,,False
2025-08-30T03:24:08.237104,pagamentos,strong,7.111310958862305,True,,False
2025-08-30T03:24:08.351650,pagamentos,strong,6.971836090087891,True,,False
2025-08-30T03:24:08.464280,pagamentos,strong,6.158590316772461,True,,False
2025-08-30T03:24:08.575883,pagamentos,strong,6.061792373657227,True,,False
2025-08-30T03:24:08.703327,pagamentos,strong,14.382362365722656,True,,False
2025-08-30T03:24:08.825921,pagamentos,strong,12.370586395263672,True,,False
2025-08-30T03:24:08.936755,pagamentos,strong,5.741596221923828,True,,False
2025-08-30T03:24:09.051325,pagamentos,strong,7.337331771850586,True,,False
2025-08-30T03:24:09.165388,pagamentos,strong,7.363796234130859,True,,False
2025-08-30T03:24:09.275908,pagamentos,strong,5.259513854980469,True,,False
2025-08-30T03:24:09.387436,pagamentos,strong,6.541967391967773,True,,False
2025-08-30T03:24:09.497728,pagamentos,strong,5.388021469116211,True,,False
2025-08-30T03:24:09.608634,pagamentos,strong,5.791425704956055,True,,False
2025-08-30T03:24:09.730518,pagamentos,strong,11.488914489746094,True,,False
2025-08-30T03:24:09.841191,pagamentos,strong,5.525350570678711,True,,False
2025-08-30T03:24:09.957145,pagamentos,strong,8.267641067504883,True,,False
2025-08-30T03:24:10.067575,pagamentos,strong,5.323648452758789,True,,False
2025-08-30T03:24:10.178491,pagamentos,strong,5.759716033935547,True,,False
2025-08-30T03:24:10.289400,pagamentos,strong,5.939722061157227,True,,False
2025-08-30T03:24:10.405883,pagamentos,strong,7.265806198120117,True,,False
2025-08-30T03:24:10.520350,pagamentos,strong,6.668329238891602,True,,False
2025-08-30T03:24:10.634867,pagamentos,strong,6.926059722900391,True,,False
2025-08-30T03:24:10.748153,pagamentos,strong,6.26826286315918,True,,False
2025-08-30T03:24:10.862241,pagamentos,strong,6.803035736083984,True,,False
2025-08-30T03:24:10.973489,pagamentos,strong,5.7773590087890625,True,,False
2025-08-30T03:24:11.085361,pagamentos,strong,5.68389892578125,True,,False
2025-08-30T03:24:11.200185,pagamentos,strong,6.424427032470703,True,,False
2025-08-30T03:24:11.315445,pagamentos,strong,6.828546524047852,True,,False
2025-08-30T03:24:11.429116,pagamentos,strong,6.316661834716797,True,,False
2025-08-30T03:24:11.541328,pagamentos,strong,5.56635856628418,True,,False
2025-08-30T03:24:11.655935,pagamentos,strong,7.314443588256836,True,,False
2025-08-30T03:24:11.779366,pagamentos,strong,7.858037948608398,True,,False
2025-08-30T03:24:11.891838,pagamentos,strong,5.610942840576172,True,,False
2025-08-30T03:24:12.003692,pagamentos,strong,5.406856536865234,True,,False
2025-08-30T03:24:12.115445,pagamentos,strong,5.518198013305664,True,,False
2025-08-30T03:24:12.227196,pagamentos,strong,5.440711975097656,True,,False
2025-08-30T03:24:12.338116,pagamentos,strong,5.615711212158203,True,,False
2025-08-30T03:24:12.449395,pagamentos,strong,5.649805068969727,True,,False
2025-08-30T03:24:12.559280,pagamentos,strong,5.180597305297852,True,,False
2025-08-30T03:24:12.669410,pagamentos,strong,5.340576171875,True,,False
2025-08-30T03:24:12.781435,pagamentos,strong,5.483865737915039,True,,False
2025-08-30T03:24:12.893227,pagamentos,strong,5.3882598876953125,True,,False
2025-08-30T03:24:13.013193,pagamentos,strong,6.297111511230469,True,,False
2025-08-30T03:24:13.130993,pagamentos,strong,8.081674575805664,True,,False
2025-08-30T03:24:13.246184,pagamentos,strong,8.141040802001953,True,,False
2025-08-30T03:24:13.362095,pagamentos,strong,8.80742073059082,True,,False
2025-08-30T03:24:13.476998,pagamentos,strong,9.013175964355469,True,,False
2025-08-30T03:24:13.590379,pagamentos,strong,8.344411849975586,True,,False
2025-08-30T03:24:13.703660,pagamentos,strong,6.84809684753418,True,,False
2025-08-30T03:24:13.817431,pagamentos,strong,8.565187454223633,True,,False
2025-08-30T03:24:13.930619,pagamentos,strong,8.286476135253906,True,,False
2025-08-30T03:24:14.047945,pagamentos,strong,10.882139205932617,True,,False
2025-08-30T03:24:14.166441,pagamentos,strong,9.471893310546875,True,,False
2025-08-30T03:24:14.286101,pagamentos,strong,10.823726654052734,True,,False
2025-08-30T03:24:14.403090,pagamentos,strong,9.873151779174805,True,,False
2025-08-30T03:24:14.520590,pagamentos,strong,9.910345077514648,True,,False
2025-08-30T03:24:14.633658,pagamentos,strong,7.0095062255859375,True,,False
2025-08-30T03:24:14.747904,pagamentos,strong,8.751392364501953,True,,False
2025-08-30T03:24:14.861573,pagamentos,strong,6.798744201660156,True,,False
2025-08-30T03:24:14.975956,pagamentos,strong,6.597280502319336,True,,False
2025-08-30T03:24:15.088640,pagamentos,strong,7.390499114990234,True,,False
2025-08-30T03:24:15.201329,pagamentos,strong,7.848024368286133,True,,False
2025-08-30T03:24:15.312924,pagamentos,strong,6.882667541503906,True,,False
2025-08-30T03:24:15.424909,pagamentos,strong,6.70933723449707,True,,False
2025-08-30T03:24:15.537175,pagamentos,strong,7.0095062255859375,True,,False
2025-08-30T03:24:15.649261,pagamentos,strong,6.739616394042969,True,,False
2025-08-30T03:24:15.760449,pagamentos,strong,5.975484848022461,True,,False
2025-08-30T03:24:15.868838,pagamentos,strong,5.25665283203125,True,,False
2025-08-30T03:24:15.979441,pagamentos,strong,5.347013473510742,True,,False
2025-08-30T03:24:16.090926,pagamentos,strong,5.631446838378906,True,,False
2025-08-30T03:24:16.201537,pagamentos,strong,5.347967147827148,True,,False
2025-08-30T03:24:16.312316,pagamentos,strong,5.479097366333008,True,,False
2025-08-30T03:24:16.423261,pagamentos,strong,5.43212890625,True,,False
2025-08-30T03:24:16.534176,pagamentos,strong,5.603551864624023,True,,False
2025-08-30T03:24:16.645115,pagamentos,strong,5.930423736572266,True,,False
2025-08-30T03:24:16.756318,pagamentos,strong,5.528450012207031,True,,False
2025-08-30T03:24:16.868186,pagamentos,strong,5.731821060180664,True,,False
2025-08-30T03:24:16.980092,pagamentos,strong,6.424188613891602,True,,False
2025-08-30T03:24:17.091166,pagamentos,strong,5.290985107421875,True,,False
2025-08-30T03:24:17.202892,pagamentos,strong,6.242036819458008,True,,False
2025-08-30T03:24:17.314049,pagamentos,strong,5.6934356689453125,True,,False
2025-08-30T03:24:17.425951,pagamentos,strong,5.706071853637695,True,,False
2025-08-30T03:24:17.536819,pagamentos,strong,5.64122200012207,True,,False
2025-08-30T03:24:17.650384,pagamentos,strong,7.270574569702148,True,,False
2025-08-30T03:24:17.763042,pagamentos,strong,6.890773773193359,True,,False
2025-08-30T03:24:17.874277,pagamentos,strong,5.6171417236328125,True,,False
2025-08-30T03:24:17.985170,pagamentos,strong,5.476713180541992,True,,False
2025-08-30T03:24:18.095954,pagamentos,strong,5.690574645996094,True,,False
2025-08-30T03:24:18.207804,pagamentos,strong,6.299018859863281,True,,False
2025-08-30T03:24:18.319269,pagamentos,strong,6.243705749511719,True,,False
2025-08-30T03:24:18.433815,pagamentos,strong,7.6084136962890625,True,,False
2025-08-30T03:24:18.544743,pagamentos,strong,5.425214767456055,True,,False
2025-08-30T03:24:18.656309,pagamentos,strong,6.453037261962891,True,,False
2025-08-30T03:24:18.767710,pagamentos,strong,5.449533462524414,True,,False
2025-08-30T03:24:18.878605,pagamentos,strong,5.654096603393555,True,,False
2025-08-30T03:24:18.989633,pagamentos,strong,5.795478820800781,True,,False
2025-08-30T03:24:19.102918,pagamentos,strong,5.944728851318359,True,,False
2025-08-30T03:24:19.223380,pagamentos,strong,6.880760192871094,True,,False
2025-08-30T03:24:19.337017,pagamentos,strong,6.345987319946289,True,,False
2025-08-30T03:24:19.449159,pagamentos,strong,5.6514739990234375,True,,False
2025-08-30T03:24:19.560349,pagamentos,strong,4.808187484741211,True,,False
2025-08-30T03:24:19.689233,pagamentos,strong,10.20193099975586,True,,False
2025-08-30T03:24:19.801096,pagamentos,strong,5.90825080871582,True,,False
2025-08-30T03:24:19.912504,pagamentos,strong,5.706787109375,True,,False
2025-08-30T03:24:20.034434,pagamentos,strong,10.348081588745117,True,,False
2025-08-30T03:24:20.155333,pagamentos,strong,8.550167083740234,True,,False
2025-08-30T03:24:20.271897,pagamentos,strong,8.882999420166016,True,,False
2025-08-30T03:24:20.382980,pagamentos,strong,5.428791046142578,True,,False
2025-08-30T03:24:20.493517,pagamentos,strong,5.382776260375977,True,,False
2025-08-30T03:24:20.604153,pagamentos,strong,5.704164505004883,True,,False
2025-08-30T03:24:20.715636,pagamentos,strong,5.670785903930664,True,,False
2025-08-30T03:24:20.826803,pagamentos,strong,6.01506233215332,True,,False
2025-08-30T03:24:20.937369,pagamentos,strong,5.656719207763672,True,,False
2025-08-30T03:24:21.047732,pagamentos,strong,5.46574592590332,True,,False
2025-08-30T03:24:21.159382,pagamentos,strong,5.852460861206055,True,,False
2025-08-30T03:24:21.269733,pagamentos,strong,5.480051040649414,True,,False
2025-08-30T03:24:21.381439,pagamentos,strong,6.111383438110352,True,,False
2025-08-30T03:24:21.492126,pagamentos,strong,5.389690399169922,True,,False
2025-08-30T03:24:21.602369,pagamentos,strong,5.151510238647461,True,,False
2025-08-30T03:24:21.713028,pagamentos,strong,5.346536636352539,True,,False
2025-08-30T03:24:21.824486,pagamentos,strong,5.89442253112793,True,,False
2025-08-30T03:24:21.937271,pagamentos,strong,6.902933120727539,True,,False
2025-08-30T03:24:22.070016,pagamentos,strong,16.863346099853516,True,,False
2025-08-30T03:24:22.218227,pagamentos,strong,20.0955867767334,True,,False
2025-08-30T03:24:22.336016,pagamentos,strong,10.539770126342773,True,,False
2025-08-30T03:24:22.459470,pagamentos,strong,17.582416534423828,True,,False
2025-08-30T03:24:22.578112,pagamentos,strong,9.896039962768555,True,,False
2025-08-30T03:24:22.692673,pagamentos,strong,6.257295608520508,True,,False
2025-08-30T03:24:22.807166,pagamentos,strong,5.651950836181641,True,,False
2025-08-30T03:24:22.919305,pagamentos,strong,6.5460205078125,True,,False
2025-08-30T03:24:23.031777,pagamentos,strong,6.418704986572266,True,,False
2025-08-30T03:24:23.143642,pagamentos,strong,6.491422653198242,True,,False
2025-08-30T03:24:23.256694,pagamentos,strong,5.988836288452148,True,,False
2025-08-30T03:24:23.370453,pagamentos,strong,7.380247116088867,True,,False
2025-08-30T03:24:23.483684,pagamentos,strong,6.947755813598633,True,,False
2025-08-30T03:24:23.595838,pagamentos,strong,6.407260894775391,True,,False
2025-08-30T03:24:23.709044,pagamentos,strong,7.650136947631836,True,,False
2025-08-30T03:24:23.820492,pagamentos,strong,6.283283233642578,True,,False
2025-08-30T03:24:23.933414,pagamentos,strong,7.011890411376953,True,,False
2025-08-30T03:24:24.048299,pagamentos,strong,8.447885513305664,True,,False
2025-08-30T03:24:24.160950,pagamentos,strong,5.877017974853516,True,,False
2025-08-30T03:24:24.279049,pagamentos,strong,6.45756721496582,True,,False
2025-08-30T03:24:24.390935,pagamentos,strong,5.987405776977539,True,,False
2025-08-30T03:24:24.517014,pagamentos,strong,7.025957107543945,True,,False
2025-08-30T03:24:24.633228,pagamentos,strong,9.036540985107422,True,,False
2025-08-30T03:24:24.749947,pagamentos,strong,7.236242294311523,True,,False
2025-08-30T03:24:24.898339,pagamentos,strong,18.85819435119629,True,,False
2025-08-30T03:24:25.029542,pagamentos,strong,11.831045150756836,True,,False
2025-08-30T03:24:25.141574,pagamentos,strong,6.311178207397461,True,,False
2025-08-30T03:24:25.256254,pagamentos,strong,6.673336029052734,True,,False
2025-08-30T03:24:25.367709,pagamentos,strong,5.414247512817383,True,,False
2025-08-30T03:24:25.481169,pagamentos,strong,6.991147994995117,True,,False
2025-08-30T03:24:25.594351,pagamentos,strong,6.988525390625,True,,False
2025-08-30T03:24:25.706301,pagamentos,strong,5.64265251159668,True,,False
2025-08-30T03:24:25.818148,pagamentos,strong,5.821943283081055,True,,False
2025-08-30T03:24:25.929081,pagamentos,strong,5.471467971801758,True,,False
2025-08-30T03:24:26.040381,pagamentos,strong,5.291223526000977,True,,False
2025-08-30T03:24:26.153092,pagamentos,strong,5.980253219604492,True,,False
2025-08-30T03:24:26.263566,pagamentos,strong,5.525112152099609,True,,False
2025-08-30T03:24:26.373113,pagamentos,strong,5.049467086791992,True,,False
2025-08-30T03:24:26.482984,pagamentos,strong,5.321741104125977,True,,False
2025-08-30T03:24:26.593033,pagamentos,strong,5.501031875610352,True,,False
2025-08-30T03:24:26.703395,pagamentos,strong,5.269050598144531,True,,False
2025-08-30T03:24:26.813903,pagamentos,strong,5.346059799194336,True,,False
2025-08-30T03:24:26.923920,pagamentos,strong,5.1670074462890625,True,,False
2025-08-30T03:24:27.034061,pagamentos,strong,5.344629287719727,True,,False
2025-08-30T03:24:27.144170,pagamentos,strong,5.163669586181641,True,,False
2025-08-30T03:24:27.254563,pagamentos,strong,5.371332168579102,True,,False
2025-08-30T03:24:27.364964,pagamentos,strong,5.449771881103516,True,,False
2025-08-30T03:24:27.476733,pagamentos,strong,5.109548568725586,True,,False
2025-08-30T03:24:27.587234,pagamentos,strong,5.637407302856445,True,,False
2025-08-30T03:24:27.698875,pagamentos,strong,6.099462509155273,True,,False
2025-08-30T03:24:27.811984,pagamentos,strong,6.752490997314453,True,,False
2025-08-30T03:24:27.927385,pagamentos,strong,6.947994232177734,True,,False
2025-08-30T03:24:28.038728,pagamentos,strong,5.369424819946289,True,,False
2025-08-30T03:24:28.151194,pagamentos,strong,5.396604537963867,True,,False
2025-08-30T03:24:28.267458,pagamentos,strong,7.157325744628906,True,,False
2025-08-30T03:24:28.395742,pagamentos,strong,6.769657135009766,True,,False
2025-08-30T03:24:28.538623,pagamentos,strong,23.30613136291504,True,,False
2025-08-30T03:24:28.676049,pagamentos,strong,18.95904541015625,True,,False
2025-08-30T03:24:28.793445,pagamentos,strong,9.730339050292969,True,,False
2025-08-30T03:24:28.911295,pagamentos,strong,9.047746658325195,True,,False
2025-08-30T03:24:29.022938,pagamentos,strong,6.3953399658203125,True,,False
2025-08-30T03:24:29.134303,pagamentos,strong,5.8689117431640625,True,,False
2025-08-30T03:24:29.249252,pagamentos,strong,9.006500244140625,True,,False
2025-08-30T03:24:29.364517,pagamentos,strong,8.656740188598633,True,,False
2025-08-30T03:24:29.478167,pagamentos,strong,6.168842315673828,True,,False
2025-08-30T03:24:29.589003,pagamentos,strong,5.74493408203125,True,,False
2025-08-30T03:24:29.704973,pagamentos,strong,8.789777755737305,True,,False
2025-08-30T03:24:29.820475,pagamentos,strong,9.959936141967773,True,,False
2025-08-30T03:24:29.934731,pagamentos,strong,8.888483047485352,True,,False
2025-08-30T03:24:30.052187,pagamentos,strong,11.271238327026367,True,,False
2025-08-30T03:24:30.171446,pagamentos,strong,9.906530380249023,True,,False
2025-08-30T03:24:30.289071,pagamentos,strong,10.988235473632812,True,,False
2025-08-30T03:24:30.417019,pagamentos,strong,18.407583236694336,True,,False
2025-08-30T03:24:30.529234,pagamentos,strong,6.874561309814453,True,,False
2025-08-30T03:24:30.642463,pagamentos,strong,6.615161895751953,True,,False
2025-08-30T03:24:30.757951,pagamentos,strong,8.695125579833984,True,,False
2025-08-30T03:24:30.871612,pagamentos,strong,7.102727890014648,True,,False
2025-08-30T03:24:30.984707,pagamentos,strong,6.248950958251953,True,,False
2025-08-30T03:24:31.097372,pagamentos,strong,6.672859191894531,True,,False
2025-08-30T03:24:31.210141,pagamentos,strong,7.125616073608398,True,,False
2025-08-30T03:24:31.322462,pagamentos,strong,6.125926971435547,True,,False
2025-08-30T03:24:31.440186,pagamentos,strong,10.658502578735352,True,,False
2025-08-30T03:24:31.555058,pagamentos,strong,8.671045303344727,True,,False
2025-08-30T03:24:31.668603,pagamentos,strong,7.634162902832031,True,,False
2025-08-30T03:24:31.779585,pagamentos,strong,6.101369857788086,True,,False
2025-08-30T03:24:31.891047,pagamentos,strong,5.6915283203125,True,,False
2025-08-30T03:24:32.003453,pagamentos,strong,6.214141845703125,True,,False
2025-08-30T03:24:32.116453,pagamentos,strong,7.072210311889648,True,,False
2025-08-30T03:24:32.244492,pagamentos,strong,13.657331466674805,True,,False
2025-08-30T03:24:32.358583,pagamentos,strong,6.2770843505859375,True,,False
2025-08-30T03:24:32.486933,pagamentos,strong,15.802860260009766,True,,False
2025-08-30T03:24:32.599101,pagamentos,strong,6.395578384399414,True,,False
2025-08-30T03:24:32.730374,pagamentos,strong,18.094301223754883,True,,False
2025-08-30T03:24:32.847268,pagamentos,strong,9.045839309692383,True,,False
2025-08-30T03:24:32.975831,pagamentos,strong,15.227079391479492,True,,False
2025-08-30T03:24:33.089783,pagamentos,strong,7.8907012939453125,True,,False
2025-08-30T03:24:33.204380,pagamentos,strong,7.592678070068359,True,,False
2025-08-30T03:24:33.315933,pagamentos,strong,6.003141403198242,True,,False
2025-08-30T03:24:33.427474,pagamentos,strong,5.903005599975586,True,,False
2025-08-30T03:24:33.538260,pagamentos,strong,5.674839019775391,True,,False
2025-08-30T03:24:33.648281,pagamentos,strong,5.072355270385742,True,,False
2025-08-30T03:24:33.759530,pagamentos,strong,5.573749542236328,True,,False
2025-08-30T03:24:33.870341,pagamentos,strong,5.503654479980469,True,,False
2025-08-30T03:24:33.980819,pagamentos,strong,5.180120468139648,True,,False
2025-08-30T03:24:34.092209,pagamentos,strong,5.843400955200195,True,,False
2025-08-30T03:24:34.203196,pagamentos,strong,5.794286727905273,True,,False
2025-08-30T03:24:34.313368,pagamentos,strong,4.928827285766602,True,,False
2025-08-30T03:24:34.424309,pagamentos,strong,5.567312240600586,True,,False
2025-08-30T03:24:34.535192,pagamentos,strong,5.285978317260742,True,,False
2025-08-30T03:24:34.646139,pagamentos,strong,5.992650985717773,True,,False
2025-08-30T03:24:34.757936,pagamentos,strong,5.928516387939453,True,,False
2025-08-30T03:24:34.868486,pagamentos,strong,5.426168441772461,True,,False
2025-08-30T03:24:34.981881,pagamentos,strong,6.732940673828125,True,,False
2025-08-30T03:24:35.093535,pagamentos,strong,6.204128265380859,True,,False
2025-08-30T03:24:35.203810,pagamentos,strong,5.1898956298828125,True,,False
2025-08-30T03:24:35.317013,pagamentos,strong,7.230997085571289,True,,False
2025-08-30T03:24:35.427655,pagamentos,strong,5.62739372253418,True,,False
2025-08-30T03:24:35.542834,pagamentos,strong,8.03828239440918,True,,False
2025-08-30T03:24:35.653971,pagamentos,strong,5.912065505981445,True,,False
2025-08-30T03:24:35.806684,pagamentos,strong,26.6726016998291,True,,False
2025-08-30T03:24:35.920960,pagamentos,strong,7.834196090698242,True,,False
2025-08-30T03:24:36.037000,pagamentos,strong,9.627342224121094,True,,False
2025-08-30T03:24:36.154085,pagamentos,strong,10.006189346313477,True,,False
2025-08-30T03:24:36.275943,pagamentos,strong,12.118339538574219,True,,False
2025-08-30T03:24:36.394142,pagamentos,strong,7.897853851318359,True,,False
2025-08-30T03:24:36.510670,pagamentos,strong,7.021188735961914,True,,False
2025-08-30T03:24:36.627027,pagamentos,strong,7.136821746826172,True,,False
2025-08-30T03:24:36.743341,pagamentos,strong,8.208751678466797,True,,False
2025-08-30T03:24:36.861261,pagamentos,strong,8.632659912109375,True,,False
2025-08-30T03:24:36.979252,pagamentos,strong,6.796836853027344,True,,False
2025-08-30T03:24:37.090980,pagamentos,strong,5.2318572998046875,True,,False
2025-08-30T03:24:37.202355,pagamentos,strong,5.27501106262207,True,,False
2025-08-30T03:24:37.313476,pagamentos,strong,5.301713943481445,True,,False
2025-08-30T03:24:37.425248,pagamentos,strong,5.383014678955078,True,,False
2025-08-30T03:24:37.535759,pagamentos,strong,5.371809005737305,True,,False
2025-08-30T03:24:37.648072,pagamentos,strong,5.934238433837891,True,,False
2025-08-30T03:24:37.759498,pagamentos,strong,5.776882171630859,True,,False
2025-08-30T03:24:37.869205,pagamentos,strong,5.254268646240234,True,,False
2025-08-30T03:24:37.980522,pagamentos,strong,5.781650543212891,True,,False
2025-08-30T03:24:38.091002,pagamentos,strong,5.590677261352539,True,,False
2025-08-30T03:24:38.201372,pagamentos,strong,5.255222320556641,True,,False
2025-08-30T03:24:38.313692,pagamentos,strong,6.431818008422852,True,,False
2025-08-30T03:24:38.428298,pagamentos,strong,8.61978530883789,True,,False
2025-08-30T03:24:38.558114,pagamentos,strong,15.91634750366211,True,,False
2025-08-30T03:24:38.669490,pagamentos,strong,6.03485107421875,True,,False
2025-08-30T03:24:38.779474,pagamentos,strong,5.563974380493164,True,,False
2025-08-30T03:24:38.889674,pagamentos,strong,5.503177642822266,True,,False
2025-08-30T03:24:39.002794,pagamentos,strong,6.84046745300293,True,,False
2025-08-30T03:24:39.114199,pagamentos,strong,6.451606750488281,True,,False
2025-08-30T03:24:39.226975,pagamentos,strong,7.299184799194336,True,,False
2025-08-30T03:24:39.338349,pagamentos,strong,6.275653839111328,True,,False
2025-08-30T03:24:39.449862,pagamentos,strong,6.04248046875,True,,False
2025-08-30T03:24:39.563603,pagamentos,strong,7.515430450439453,True,,False
2025-08-30T03:24:39.677746,pagamentos,strong,7.713079452514648,True,,False
2025-08-30T03:24:39.790057,pagamentos,strong,6.16002082824707,True,,False
2025-08-30T03:24:39.906086,pagamentos,strong,7.74073600769043,True,,False
2025-08-30T03:24:40.017589,pagamentos,strong,6.089687347412109,True,,False
2025-08-30T03:24:40.129210,pagamentos,strong,6.419658660888672,True,,False
2025-08-30T03:24:40.240173,pagamentos,strong,5.739927291870117,True,,False
2025-08-30T03:24:40.352356,pagamentos,strong,6.5460205078125,True,,False
2025-08-30T03:24:40.468041,pagamentos,strong,6.883144378662109,True,,False
2025-08-30T03:24:40.580327,pagamentos,strong,6.33549690246582,True,,False
2025-08-30T03:24:40.692447,pagamentos,strong,6.10661506652832,True,,False
2025-08-30T03:24:40.812801,pagamentos,strong,6.005764007568359,True,,False
2025-08-30T03:24:40.933106,pagamentos,strong,10.592222213745117,True,,False
2025-08-30T03:24:41.055686,pagamentos,strong,12.987375259399414,True,,False
2025-08-30T03:24:41.171566,pagamentos,strong,7.601022720336914,True,,False
2025-08-30T03:24:41.291462,pagamentos,strong,11.656045913696289,True,,False
2025-08-30T03:24:41.402243,pagamentos,strong,5.634546279907227,True,,False
2025-08-30T03:24:41.514287,pagamentos,strong,6.191015243530273,True,,False
2025-08-30T03:24:41.626698,pagamentos,strong,6.806135177612305,True,,False
2025-08-30T03:24:41.740607,pagamentos,strong,7.886171340942383,True,,False
2025-08-30T03:24:41.851237,pagamentos,strong,5.469083786010742,True,,False
2025-08-30T03:24:41.962793,pagamentos,strong,6.121158599853516,True,,False
2025-08-30T03:24:42.075513,pagamentos,strong,7.289648056030273,True,,False
2025-08-30T03:24:42.193898,pagamentos,strong,11.658668518066406,True,,False
2025-08-30T03:24:42.305377,pagamentos,strong,6.123542785644531,True,,False
2025-08-30T03:24:42.415916,pagamentos,strong,5.236148834228516,True,,False
2025-08-30T03:24:42.537924,pagamentos,strong,9.819984436035156,True,,False
2025-08-30T03:24:42.670560,pagamentos,strong,14.630794525146484,True,,False
2025-08-30T03:24:42.798919,pagamentos,strong,18.793344497680664,True,,False
2025-08-30T03:24:42.924982,pagamentos,strong,16.476869583129883,True,,False
2025-08-30T03:24:43.045007,pagamentos,strong,12.119531631469727,True,,False
2025-08-30T03:24:43.185643,pagamentos,strong,19.76633071899414,True,,False
2025-08-30T03:24:43.306084,pagamentos,strong,13.04769515991211,True,,False
2025-08-30T03:24:43.433496,pagamentos,strong,18.100261688232422,True,,False
2025-08-30T03:24:43.559601,pagamentos,strong,10.866641998291016,True,,False
2025-08-30T03:24:43.700339,pagamentos,strong,22.234201431274414,True,,False
2025-08-30T03:24:43.819143,pagamentos,strong,9.335994720458984,True,,False
2025-08-30T03:24:43.941010,pagamentos,strong,9.730815887451172,True,,False
2025-08-30T03:24:44.062565,pagamentos,strong,12.63737678527832,True,,False
2025-08-30T03:24:44.198348,pagamentos,strong,16.237258911132812,True,,False
2025-08-30T03:24:44.316335,pagamentos,strong,10.487556457519531,True,,False
2025-08-30T03:24:44.429557,pagamentos,strong,7.050514221191406,True,,False
2025-08-30T03:24:44.545301,pagamentos,strong,8.216142654418945,True,,False
2025-08-30T03:24:44.657367,pagamentos,strong,6.002187728881836,True,,False
2025-08-30T03:24:44.771212,pagamentos,strong,7.088422775268555,True,,False
2025-08-30T03:24:44.882385,pagamentos,strong,5.692481994628906,True,,False
2025-08-30T03:24:44.997769,pagamentos,strong,9.214639663696289,True,,False
2025-08-30T03:24:45.112753,pagamentos,strong,8.897781372070312,True,,False
2025-08-30T03:24:45.226457,pagamentos,strong,8.053064346313477,True,,False
2025-08-30T03:24:45.345143,pagamentos,strong,12.67862319946289,True,,False
2025-08-30T03:24:45.455605,pagamentos,strong,5.658388137817383,True,,False
2025-08-30T03:24:45.566727,pagamentos,strong,5.797386169433594,True,,False
2025-08-30T03:24:45.678164,pagamentos,strong,5.866527557373047,True,,False
2025-08-30T03:24:45.790220,pagamentos,strong,6.567955017089844,True,,False
2025-08-30T03:24:45.899797,pagamentos,strong,5.561590194702148,True,,False
2025-08-30T03:24:46.010757,pagamentos,strong,5.775690078735352,True,,False
2025-08-30T03:24:46.128874,pagamentos,strong,11.398553848266602,True,,False
2025-08-30T03:24:46.262263,pagamentos,strong,20.58577537536621,True,,False
2025-08-30T03:24:46.392996,pagamentos,strong,16.234636306762695,True,,False
2025-08-30T03:24:46.532732,pagamentos,strong,26.91030502319336,True,,False
2025-08-30T03:24:46.655178,pagamentos,strong,10.229825973510742,True,,False
2025-08-30T03:24:46.766476,pagamentos,strong,6.408929824829102,True,,False
2025-08-30T03:24:46.878042,pagamentos,strong,6.136655807495117,True,,False
2025-08-30T03:24:46.990044,pagamentos,strong,6.389617919921875,True,,False
2025-08-30T03:24:47.100957,pagamentos,strong,5.450248718261719,True,,False
2025-08-30T03:24:47.213144,pagamentos,strong,6.324529647827148,True,,False
2025-08-30T03:24:47.324162,pagamentos,strong,5.714893341064453,True,,False
2025-08-30T03:24:47.438222,pagamentos,strong,7.874488830566406,True,,False
2025-08-30T03:24:47.551355,pagamentos,strong,6.89387321472168,True,,False
2025-08-30T03:24:47.682353,pagamentos,strong,16.816139221191406,True,,False
2025-08-30T03:24:47.800291,pagamentos,strong,9.366989135742188,True,,False
2025-08-30T03:24:47.916930,pagamentos,strong,8.664608001708984,True,,False
2025-08-30T03:24:48.043842,pagamentos,strong,7.778644561767578,True,,False
2025-08-30T03:24:48.196451,pagamentos,strong,11.836767196655273,True,,False
2025-08-30T03:24:48.314636,pagamentos,strong,7.844448089599609,True,,False
2025-08-30T03:24:48.439049,pagamentos,strong,9.108543395996094,True,,False
2025-08-30T03:24:48.568137,pagamentos,strong,16.206026077270508,True,,False
2025-08-30T03:24:48.717839,pagamentos,strong,18.13483238220215,True,,False
2025-08-30T03:24:48.838174,pagamentos,strong,7.842302322387695,True,,False
2025-08-30T03:24:48.953193,pagamentos,strong,6.816387176513672,True,,False
2025-08-30T03:24:49.077551,pagamentos,strong,10.49494743347168,True,,False
2025-08-30T03:24:49.194968,pagamentos,strong,6.110429763793945,True,,False
2025-08-30T03:24:49.308170,pagamentos,strong,5.441904067993164,True,,False
2025-08-30T03:24:49.423110,pagamentos,strong,6.545782089233398,True,,False
2025-08-30T03:24:49.535820,pagamentos,strong,5.214452743530273,True,,False
2025-08-30T03:24:49.649763,pagamentos,strong,7.138967514038086,True,,False
2025-08-30T03:24:49.766768,pagamentos,strong,7.751941680908203,True,,False
2025-08-30T03:24:49.882232,pagamentos,strong,7.027387619018555,True,,False
2025-08-30T03:24:49.997326,pagamentos,strong,6.961345672607422,True,,False
2025-08-30T03:24:50.110744,pagamentos,strong,6.221532821655273,True,,False
2025-08-30T03:24:50.223657,pagamentos,strong,6.497859954833984,True,,False
2025-08-30T03:24:50.340611,pagamentos,strong,9.190082550048828,True,,False
2025-08-30T03:24:50.457026,pagamentos,strong,8.446931838989258,True,,False
2025-08-30T03:24:50.574563,pagamentos,strong,7.737874984741211,True,,False
2025-08-30T03:24:50.688759,pagamentos,strong,7.0972442626953125,True,,False
2025-08-30T03:24:50.803067,pagamentos,strong,7.148504257202148,True,,False
2025-08-30T03:24:50.915890,pagamentos,strong,7.82012939453125,True,,False
2025-08-30T03:24:51.027526,pagamentos,strong,6.248712539672852,True,,False
2025-08-30T03:24:51.140448,pagamentos,strong,6.608247756958008,True,,False
2025-08-30T03:24:51.253498,pagamentos,strong,6.996393203735352,True,,False
2025-08-30T03:24:51.369375,pagamentos,strong,8.718729019165039,True,,False
2025-08-30T03:24:51.484873,pagamentos,strong,9.280920028686523,True,,False
2025-08-30T03:24:51.602136,pagamentos,strong,10.428428649902344,True,,False
2025-08-30T03:24:51.721186,pagamentos,strong,10.087251663208008,True,,False
2025-08-30T03:24:51.842192,pagamentos,strong,10.526895523071289,True,,False
2025-08-30T03:24:51.958205,pagamentos,strong,9.539365768432617,True,,False
2025-08-30T03:24:52.073178,pagamentos,strong,7.245063781738281,True,,False
2025-08-30T03:24:52.188602,pagamentos,strong,8.888959884643555,True,,False
2025-08-30T03:24:52.302491,pagamentos,strong,7.068157196044922,True,,False
2025-08-30T03:24:52.417975,pagamentos,strong,8.225202560424805,True,,False
2025-08-30T03:24:52.529976,pagamentos,strong,6.561279296875,True,,False
2025-08-30T03:24:52.642881,pagamentos,strong,7.00688362121582,True,,False
2025-08-30T03:24:52.766601,pagamentos,strong,9.511470794677734,True,,False
2025-08-30T03:24:52.911334,pagamentos,strong,17.142057418823242,True,,False
2025-08-30T03:24:53.033227,pagamentos,strong,12.170553207397461,True,,False
2025-08-30T03:24:53.151193,pagamentos,strong,10.24484634399414,True,,False
2025-08-30T03:24:53.267038,pagamentos,strong,6.536245346069336,True,,False
2025-08-30T03:24:53.379564,pagamentos,strong,5.5751800537109375,True,,False
2025-08-30T03:24:53.493849,pagamentos,strong,5.957841873168945,True,,False
2025-08-30T03:24:53.607637,pagamentos,strong,6.663799285888672,True,,False
2025-08-30T03:24:53.722818,pagamentos,strong,6.494998931884766,True,,False
2025-08-30T03:24:53.839396,pagamentos,strong,9.85097885131836,True,,False
2025-08-30T03:24:53.963615,pagamentos,strong,11.613607406616211,True,,False
2025-08-30T03:24:54.080317,pagamentos,strong,9.479761123657227,True,,False
2025-08-30T03:24:54.211110,pagamentos,strong,13.515710830688477,True,,False
2025-08-30T03:24:54.332576,pagamentos,strong,11.927366256713867,True,,False
2025-08-30T03:24:54.457822,pagamentos,strong,12.26663589477539,True,,False
2025-08-30T03:24:54.576424,pagamentos,strong,12.466907501220703,True,,False
2025-08-30T03:24:54.693646,pagamentos,strong,11.015892028808594,True,,False
2025-08-30T03:24:54.812828,pagamentos,strong,11.247873306274414,True,,False
2025-08-30T03:24:54.931205,pagamentos,strong,12.836456298828125,True,,False
2025-08-30T03:24:55.049849,pagamentos,strong,11.37852668762207,True,,False
2025-08-30T03:24:55.166476,pagamentos,strong,8.126258850097656,True,,False
2025-08-30T03:24:55.281917,pagamentos,strong,7.102012634277344,True,,False
2025-08-30T03:24:55.398241,pagamentos,strong,10.394096374511719,True,,False
2025-08-30T03:24:55.514324,pagamentos,strong,7.119417190551758,True,,False
2025-08-30T03:24:55.643357,pagamentos,strong,11.616945266723633,True,,False
2025-08-30T03:24:55.756842,pagamentos,strong,6.545066833496094,True,,False
2025-08-30T03:24:55.869029,pagamentos,strong,6.68787956237793,True,,False
2025-08-30T03:24:55.986490,pagamentos,strong,8.611440658569336,True,,False
2025-08-30T03:24:56.100312,pagamentos,strong,7.1277618408203125,True,,False
2025-08-30T03:24:56.214652,pagamentos,strong,7.415294647216797,True,,False
2025-08-30T03:24:56.328938,pagamentos,strong,8.035659790039062,True,,False
2025-08-30T03:24:56.441847,pagamentos,strong,6.13713264465332,True,,False
2025-08-30T03:24:56.553699,pagamentos,strong,6.769657135009766,True,,False
2025-08-30T03:24:56.666530,pagamentos,strong,6.787300109863281,True,,False
2025-08-30T03:24:56.789137,pagamentos,strong,8.966684341430664,True,,False
2025-08-30T03:24:56.900919,pagamentos,strong,6.084680557250977,True,,False
2025-08-30T03:24:57.015771,pagamentos,strong,8.951902389526367,True,,False
2025-08-30T03:24:57.129953,pagamentos,strong,7.096290588378906,True,,False
2025-08-30T03:24:57.242910,pagamentos,strong,6.027460098266602,True,,False
2025-08-30T03:24:57.357362,pagamentos,strong,6.735086441040039,True,,False
2025-08-30T03:24:57.475005,pagamentos,strong,9.62209701538086,True,,False
2025-08-30T03:24:57.616426,pagamentos,strong,22.747039794921875,True,,False
2025-08-30T03:24:57.912779,pagamentos,strong,24.795055389404297,True,,False
2025-08-30T03:24:58.039440,pagamentos,strong,13.234138488769531,True,,False
2025-08-30T03:24:58.159610,pagamentos,strong,9.053230285644531,True,,False
2025-08-30T03:24:58.281012,pagamentos,strong,10.595560073852539,True,,False
2025-08-30T03:24:58.444085,pagamentos,strong,31.84223175048828,True,,False
2025-08-30T03:24:58.634160,pagamentos,strong,54.134368896484375,True,,False
2025-08-30T03:24:58.762787,pagamentos,strong,16.46733283996582,True,,False
2025-08-30T03:24:58.878323,pagamentos,strong,8.118152618408203,True,,False
2025-08-30T03:24:58.994393,pagamentos,strong,8.246421813964844,True,,False
2025-08-30T03:24:59.109515,pagamentos,strong,7.439613342285156,True,,False
2025-08-30T03:24:59.225758,pagamentos,strong,7.629156112670898,True,,False
2025-08-30T03:24:59.341870,pagamentos,strong,8.018732070922852,True,,False
2025-08-30T03:24:59.457533,pagamentos,strong,6.986856460571289,True,,False
2025-08-30T03:24:59.574112,pagamentos,strong,7.746696472167969,True,,False
2025-08-30T03:24:59.690776,pagamentos,strong,8.306026458740234,True,,False
2025-08-30T03:24:59.808628,pagamentos,strong,8.364439010620117,True,,False
2025-08-30T03:24:59.943859,pagamentos,strong,26.97920799255371,True,,False
2025-08-30T03:25:00.059781,pagamentos,strong,7.966756820678711,True,,False
2025-08-30T03:25:00.172083,pagamentos,strong,5.923986434936523,True,,False
2025-08-30T03:25:00.286793,pagamentos,strong,7.285594940185547,True,,False
2025-08-30T03:25:00.402056,pagamentos,strong,7.263422012329102,True,,False
2025-08-30T03:25:00.515243,pagamentos,strong,6.903886795043945,True,,False
2025-08-30T03:25:00.629004,pagamentos,strong,6.461381912231445,True,,False
2025-08-30T03:25:00.742407,pagamentos,strong,6.487369537353516,True,,False
2025-08-30T03:25:00.855858,pagamentos,strong,6.849050521850586,True,,False
2025-08-30T03:25:00.968092,pagamentos,strong,5.970001220703125,True,,False
2025-08-30T03:25:01.086056,pagamentos,strong,8.13746452331543,True,,False
2025-08-30T03:25:01.202522,pagamentos,strong,6.728887557983398,True,,False
2025-08-30T03:25:01.318804,pagamentos,strong,7.732152938842773,True,,False
2025-08-30T03:25:01.433144,pagamentos,strong,6.335258483886719,True,,False
2025-08-30T03:25:01.546590,pagamentos,strong,6.241798400878906,True,,False
2025-08-30T03:25:01.660015,pagamentos,strong,6.6986083984375,True,,False
2025-08-30T03:25:01.774113,pagamentos,strong,6.619453430175781,True,,False
2025-08-30T03:25:01.885926,pagamentos,strong,6.131410598754883,True,,False
2025-08-30T03:25:01.998659,pagamentos,strong,6.7901611328125,True,,False
2025-08-30T03:25:02.110155,pagamentos,strong,5.839347839355469,True,,False
2025-08-30T03:25:02.222549,pagamentos,strong,6.6852569580078125,True,,False
2025-08-30T03:25:02.336232,pagamentos,strong,7.124662399291992,True,,False
2025-08-30T03:25:02.450639,pagamentos,strong,7.504463195800781,True,,False
2025-08-30T03:25:02.564333,pagamentos,strong,6.83903694152832,True,,False
2025-08-30T03:25:02.676248,pagamentos,strong,6.604909896850586,True,,False
2025-08-30T03:25:02.787329,pagamentos,strong,5.774021148681641,True,,False
2025-08-30T03:25:02.899267,pagamentos,strong,6.093740463256836,True,,False
2025-08-30T03:25:03.010370,pagamentos,strong,6.076335906982422,True,,False
2025-08-30T03:25:03.122263,pagamentos,strong,5.966424942016602,True,,False
2025-08-30T03:25:03.234416,pagamentos,strong,5.990505218505859,True,,False
2025-08-30T03:25:03.350688,pagamentos,strong,8.73422622680664,True,,False
2025-08-30T03:25:03.463847,pagamentos,strong,7.315397262573242,True,,False
2025-08-30T03:25:03.577662,pagamentos,strong,8.096694946289062,True,,False
2025-08-30T03:25:03.693294,pagamentos,strong,8.257389068603516,True,,False
2025-08-30T03:25:03.805317,pagamentos,strong,6.351709365844727,True,,False
2025-08-30T03:25:03.928009,pagamentos,strong,15.098333358764648,True,,False
2025-08-30T03:25:04.042005,pagamentos,strong,7.908344268798828,True,,False
2025-08-30T03:25:04.154267,pagamentos,strong,7.003307342529297,True,,False
2025-08-30T03:25:04.268305,pagamentos,strong,7.975339889526367,True,,False
2025-08-30T03:25:04.380858,pagamentos,strong,7.184505462646484,True,,False
2025-08-30T03:25:04.518574,pagamentos,strong,24.119138717651367,True,,False
2025-08-30T03:25:04.633249,pagamentos,strong,7.2879791259765625,True,,False
2025-08-30T03:25:04.780483,pagamentos,strong,32.48333930969238,True,,False
2025-08-30T03:25:04.904518,pagamentos,strong,16.04294776916504,True,,False
2025-08-30T03:25:05.040779,pagamentos,strong,22.526264190673828,True,,False
2025-08-30T03:25:05.181542,pagamentos,strong,21.220684051513672,True,,False
2025-08-30T03:25:05.297426,pagamentos,strong,8.533477783203125,True,,False
2025-08-30T03:25:05.411646,pagamentos,strong,8.270978927612305,True,,False
2025-08-30T03:25:05.524235,pagamentos,strong,7.729053497314453,True,,False
2025-08-30T03:25:05.637193,pagamentos,strong,6.22248649597168,True,,False
2025-08-30T03:25:05.749397,pagamentos,strong,6.046533584594727,True,,False
2025-08-30T03:25:05.860702,pagamentos,strong,6.017208099365234,True,,False
2025-08-30T03:25:05.973232,pagamentos,strong,6.833076477050781,True,,False
2025-08-30T03:25:06.084066,pagamentos,strong,5.763053894042969,True,,False
2025-08-30T03:25:06.197149,pagamentos,strong,6.806135177612305,True,,False
2025-08-30T03:25:06.311696,pagamentos,strong,7.356882095336914,True,,False
2025-08-30T03:25:06.425097,pagamentos,strong,7.29680061340332,True,,False
2025-08-30T03:25:06.537485,pagamentos,strong,7.1277618408203125,True,,False
2025-08-30T03:25:06.654007,pagamentos,strong,10.503053665161133,True,,False
2025-08-30T03:25:06.770540,pagamentos,strong,10.923147201538086,True,,False
2025-08-30T03:25:06.888723,pagamentos,strong,9.688138961791992,True,,False
2025-08-30T03:25:07.002992,pagamentos,strong,6.7310333251953125,True,,False
2025-08-30T03:25:07.116072,pagamentos,strong,6.922245025634766,True,,False
2025-08-30T03:25:07.234288,pagamentos,strong,6.610870361328125,True,,False
2025-08-30T03:25:07.348556,pagamentos,strong,8.327960968017578,True,,False
2025-08-30T03:25:07.469289,pagamentos,strong,11.580228805541992,True,,False
2025-08-30T03:25:07.588401,pagamentos,strong,8.358955383300781,True,,False
2025-08-30T03:25:07.702710,pagamentos,strong,6.9332122802734375,True,,False
2025-08-30T03:25:07.818320,pagamentos,strong,7.685184478759766,True,,False
2025-08-30T03:25:07.932837,pagamentos,strong,7.065296173095703,True,,False
2025-08-30T03:25:08.046856,pagamentos,strong,6.822824478149414,True,,False
2025-08-30T03:25:08.159215,pagamentos,strong,6.218194961547852,True,,False
2025-08-30T03:25:08.274160,pagamentos,strong,8.367300033569336,True,,False
2025-08-30T03:25:08.401846,pagamentos,strong,18.977880477905273,True,,False
2025-08-30T03:25:08.552070,pagamentos,strong,11.814594268798828,True,,False
2025-08-30T03:25:08.691212,pagamentos,strong,15.202522277832031,True,,False
2025-08-30T03:25:08.810521,pagamentos,strong,6.225109100341797,True,,False
2025-08-30T03:25:08.967840,pagamentos,strong,33.972978591918945,True,,False
2025-08-30T03:25:09.080243,pagamentos,strong,5.55419921875,True,,False
2025-08-30T03:25:09.200136,pagamentos,strong,9.1094970703125,True,,False
2025-08-30T03:25:09.312846,pagamentos,strong,6.156444549560547,True,,False
2025-08-30T03:25:09.431797,pagamentos,strong,11.997222900390625,True,,False
2025-08-30T03:25:09.544034,pagamentos,strong,7.226228713989258,True,,False
2025-08-30T03:25:09.662426,pagamentos,strong,10.289430618286133,True,,False
2025-08-30T03:25:09.775823,pagamentos,strong,7.359743118286133,True,,False
2025-08-30T03:25:09.889713,pagamentos,strong,8.611440658569336,True,,False
2025-08-30T03:25:10.005443,pagamentos,strong,10.037899017333984,True,,False
2025-08-30T03:25:10.123882,pagamentos,strong,8.468866348266602,True,,False
2025-08-30T03:25:10.239676,pagamentos,strong,8.961677551269531,True,,False
2025-08-30T03:25:10.375902,pagamentos,strong,21.97861671447754,True,,False
2025-08-30T03:25:10.520478,pagamentos,strong,26.28040313720703,True,,False
2025-08-30T03:25:10.646018,pagamentos,strong,10.684728622436523,True,,False
2025-08-30T03:25:10.763212,pagamentos,strong,11.780261993408203,True,,False
2025-08-30T03:25:10.877473,pagamentos,strong,7.86590576171875,True,,False
2025-08-30T03:25:11.007911,pagamentos,strong,15.290260314941406,True,,False
2025-08-30T03:25:11.127086,pagamentos,strong,10.141134262084961,True,,False
2025-08-30T03:25:11.264572,pagamentos,strong,21.40045166015625,True,,False
2025-08-30T03:25:11.376254,pagamentos,strong,5.771160125732422,True,,False
2025-08-30T03:25:11.487947,pagamentos,strong,5.962610244750977,True,,False
2025-08-30T03:25:11.599118,pagamentos,strong,6.011724472045898,True,,False
2025-08-30T03:25:11.736501,pagamentos,strong,22.77064323425293,True,,False
2025-08-30T03:25:11.873031,pagamentos,strong,23.43297004699707,True,,False
2025-08-30T03:25:12.009148,pagamentos,strong,22.770166397094727,True,,False
2025-08-30T03:25:12.120590,pagamentos,strong,6.108760833740234,True,,False
2025-08-30T03:25:12.233624,pagamentos,strong,6.002902984619141,True,,False
2025-08-30T03:25:12.344495,pagamentos,strong,5.564689636230469,True,,False
2025-08-30T03:25:12.455840,pagamentos,strong,5.729436874389648,True,,False
2025-08-30T03:25:12.567302,pagamentos,strong,5.986690521240234,True,,False
2025-08-30T03:25:12.678326,pagamentos,strong,5.845785140991211,True,,False
2025-08-30T03:25:12.792053,pagamentos,strong,8.3160400390625,True,,False
2025-08-30T03:25:12.902514,pagamentos,strong,5.422830581665039,True,,False
2025-08-30T03:25:13.014826,pagamentos,strong,6.194353103637695,True,,False
2025-08-30T03:25:13.126448,pagamentos,strong,5.784034729003906,True,,False
2025-08-30T03:25:13.238640,pagamentos,strong,6.476163864135742,True,,False
2025-08-30T03:25:13.352790,pagamentos,strong,7.570743560791016,True,,False
2025-08-30T03:25:13.464072,pagamentos,strong,6.272554397583008,True,,False
2025-08-30T03:25:13.578927,pagamentos,strong,8.997917175292969,True,,False
2025-08-30T03:25:13.695256,pagamentos,strong,9.615421295166016,True,,False
2025-08-30T03:25:13.815182,pagamentos,strong,11.486530303955078,True,,False
2025-08-30T03:25:13.942026,pagamentos,strong,13.758420944213867,True,,False
2025-08-30T03:25:14.057103,pagamentos,strong,8.774518966674805,True,,False
2025-08-30T03:25:14.168346,pagamentos,strong,5.27501106262207,True,,False
2025-08-30T03:25:14.282611,pagamentos,strong,8.047819137573242,True,,False
2025-08-30T03:25:14.396332,pagamentos,strong,7.538557052612305,True,,False
2025-08-30T03:25:14.531022,pagamentos,strong,19.612789154052734,True,,False
2025-08-30T03:25:14.640849,pagamentos,strong,5.053520202636719,True,,False
2025-08-30T03:25:14.779029,pagamentos,strong,23.046493530273438,True,,False
2025-08-30T03:25:14.889888,pagamentos,strong,5.677700042724609,True,,False
2025-08-30T03:25:15.002976,pagamentos,strong,6.830692291259766,True,,False
2025-08-30T03:25:15.116576,pagamentos,strong,7.413148880004883,True,,True
2025-08-30T03:25:15.229270,pagamentos,strong,7.620811462402344,True,,False
2025-08-30T03:25:15.342013,pagamentos,strong,7.187366485595703,True,,False
2025-08-30T03:25:15.456151,pagamentos,strong,8.857250213623047,True,,False
2025-08-30T03:25:15.569622,pagamentos,strong,8.167028427124023,True,,False
2025-08-30T03:25:15.680999,pagamentos,strong,6.228923797607422,True,,False
2025-08-30T03:25:15.791767,pagamentos,strong,5.392551422119141,True,,False
2025-08-30T03:25:15.900707,pagamentos,strong,5.9566497802734375,True,,False
2025-08-30T03:25:16.012384,pagamentos,strong,6.167173385620117,True,,False
2025-08-30T03:25:16.126076,pagamentos,strong,7.094144821166992,True,,False
2025-08-30T03:25:16.236951,pagamentos,strong,5.816936492919922,True,,False
2025-08-30T03:25:16.355568,pagamentos,strong,10.779380798339844,True,,False
2025-08-30T03:25:16.466292,pagamentos,strong,5.549192428588867,True,,False
2025-08-30T03:25:16.577777,pagamentos,strong,6.081819534301758,True,,False
2025-08-30T03:25:16.690673,pagamentos,strong,7.0705413818359375,True,,False
2025-08-30T03:25:16.802475,pagamentos,strong,6.896257400512695,True,,False
2025-08-30T03:25:16.915891,pagamentos,strong,7.558345794677734,True,,False
2025-08-30T03:25:17.037148,pagamentos,strong,12.278079986572266,True,,False
2025-08-30T03:25:17.152167,pagamentos,strong,8.572578430175781,True,,False
2025-08-30T03:25:17.266858,pagamentos,strong,8.782625198364258,True,,False
2025-08-30T03:25:17.381188,pagamentos,strong,6.487607955932617,True,,False
2025-08-30T03:25:17.494512,pagamentos,strong,7.64918327331543,True,,False
2025-08-30T03:25:17.640209,pagamentos,strong,29.308319091796875,True,,False
2025-08-30T03:25:17.770562,pagamentos,strong,15.782594680786133,True,,False
2025-08-30T03:25:17.918409,pagamentos,strong,26.192426681518555,True,,False
2025-08-30T03:25:18.033231,pagamentos,strong,8.729219436645508,True,,False
2025-08-30T03:25:18.144791,pagamentos,strong,6.280660629272461,True,,False
2025-08-30T03:25:18.273882,pagamentos,strong,10.619163513183594,True,,False
2025-08-30T03:25:18.401078,pagamentos,strong,18.35012435913086,True,,False
2025-08-30T03:25:18.513790,pagamentos,strong,6.340742111206055,True,,False
2025-08-30T03:25:18.631840,pagamentos,strong,7.899045944213867,True,,False
2025-08-30T03:25:18.767614,pagamentos,strong,15.536308288574219,True,,False
2025-08-30T03:25:18.896621,pagamentos,strong,17.165422439575195,True,,False
2025-08-30T03:25:19.009311,pagamentos,strong,7.343292236328125,True,,False
2025-08-30T03:25:19.139594,pagamentos,strong,14.62244987487793,True,,False
2025-08-30T03:25:19.254719,pagamentos,strong,8.803129196166992,True,,False
2025-08-30T03:25:19.370589,pagamentos,strong,8.126258850097656,True,,False
2025-08-30T03:25:19.484294,pagamentos,strong,7.806301116943359,True,,False
2025-08-30T03:25:19.622405,pagamentos,strong,26.35931968688965,True,,False
2025-08-30T03:25:19.734437,pagamentos,strong,6.55364990234375,True,,False
2025-08-30T03:25:19.861097,pagamentos,strong,19.074440002441406,True,,False
2025-08-30T03:25:19.993364,pagamentos,strong,18.039941787719727,True,,False
2025-08-30T03:25:20.122000,pagamentos,strong,16.11018180847168,True,,False
2025-08-30T03:25:20.247060,pagamentos,strong,10.762214660644531,True,,False
2025-08-30T03:25:20.360402,pagamentos,strong,7.515907287597656,True,,False
2025-08-30T03:25:20.473033,pagamentos,strong,6.459712982177734,True,,False
2025-08-30T03:25:20.602386,pagamentos,strong,15.595674514770508,True,,False
2025-08-30T03:25:20.714465,pagamentos,strong,6.644487380981445,True,,False
2025-08-30T03:25:20.836554,pagamentos,strong,11.237859725952148,True,,False
2025-08-30T03:25:20.947571,pagamentos,strong,5.864620208740234,True,,False
2025-08-30T03:25:21.073576,pagamentos,strong,10.887384414672852,True,,False
2025-08-30T03:25:21.200212,pagamentos,strong,12.95328140258789,True,,False
2025-08-30T03:25:21.325386,pagamentos,strong,9.87386703491211,True,,False
2025-08-30T03:25:21.439407,pagamentos,strong,7.198333740234375,True,,False
2025-08-30T03:25:21.552080,pagamentos,strong,6.243467330932617,True,,False
2025-08-30T03:25:21.677568,pagamentos,strong,8.640766143798828,True,,False
2025-08-30T03:25:21.791534,pagamentos,strong,6.838798522949219,True,,False
2025-08-30T03:25:21.904649,pagamentos,strong,6.871461868286133,True,,False
2025-08-30T03:25:22.018372,pagamentos,strong,6.954431533813477,True,,False
2025-08-30T03:25:22.131429,pagamentos,strong,6.894350051879883,True,,False
2025-08-30T03:25:22.245103,pagamentos,strong,6.7310333251953125,True,,False
2025-08-30T03:25:22.358713,pagamentos,strong,8.408069610595703,True,,False
2025-08-30T03:25:22.472280,pagamentos,strong,6.7577362060546875,True,,False
2025-08-30T03:25:22.587430,pagamentos,strong,7.058858871459961,True,,False
2025-08-30T03:25:22.700580,pagamentos,strong,6.356716156005859,True,,False
2025-08-30T03:25:22.812505,pagamentos,strong,6.705045700073242,True,,False
2025-08-30T03:25:22.926348,pagamentos,strong,6.344079971313477,True,,False
2025-08-30T03:25:23.038301,pagamentos,strong,6.281137466430664,True,,False
2025-08-30T03:25:23.150061,pagamentos,strong,5.736112594604492,True,,False
2025-08-30T03:25:23.264590,pagamentos,strong,8.60595703125,True,,False
2025-08-30T03:25:23.384848,pagamentos,strong,7.765531539916992,True,,False
2025-08-30T03:25:23.496849,pagamentos,strong,6.176233291625977,True,,False
2025-08-30T03:25:23.613420,pagamentos,strong,9.362220764160156,True,,False
2025-08-30T03:25:23.725526,pagamentos,strong,6.360054016113281,True,,False
2025-08-30T03:25:23.853112,pagamentos,strong,20.757436752319336,True,,False
